swc_id,denRadius
17109_1701_x8048_y22277,119.12579442883428
17109_1801_x6698_y12550,135.61050624062287
17109_1901_x9602_y10508,135.098438410404
17109_2201_x8046_y23301,141.92433073188312
17109_2301_x8535_y23051,159.62052543610923
17109_2301_x9418_y23665,120.95202247823057
17109_2401_x8977_y24184,123.75328520689449
17109_2401_x9338_y2394,117.21534567847928
17109_2401_x9695_y9693,109.14438670427725
17109_2401_x9954_y9122,137.30368133894476
17109_2500_x9864_y9311,113.1694736874409
17109_2601_x10213_y8783,120.15594626152001
17109_2601_x9296_y24691,134.4373662296087
17109_2601_x9498_y8169,147.8831528369673
17109_3101_x10824_y7188,127.76246217551244
17109_3701_x9228_y26684,136.78257255703633
17109_4101_x6753_y6197,169.09393948554353
17109_4764_x6621_y5727,129.51726609143913
17109_4772_x9038_y27257,169.1196281603165
17109_6201_x4328_y6753,144.85250708705226
17109_6301_x4756_y24516,126.64592813742286
17109_6401_x7641_y3978,161.59911733737687
17109_6401_x7989_y3767,129.89418054170937
17109_6501_x6997_y4287,127.0694568114588
17109_6601_x4384_y7436,167.39428844600488
17109_6601_x5417_y25287,155.20159038492542
17109_6801_x7432_y4405,127.02854362857789
17109_6901_x7203_y26714,161.26091196833488
17109_7001_x5738_y6470,127.59148885581853
17109_7001_x6205_y5194,119.21528370941624
17300_3426_x20339_y44872,172.94021296201134
17300_3514_x19676_y45282,177.79675488063066
17300_5571_x27063_y39610,175.59664687643271
17300_5896_x24862_y27320,115.81187855914428
17300_5969_x27278_y20820,198.5120007356671
17300_6010_x23413_y13446,193.33464229947865
17302_00001,106.35647867095065
17302_00002,119.68151705372472
17302_00003,116.39887688664793
17302_00005,127.92500211400109
17302_00006,117.48651424456543
17302_00007,109.64653596324513
17302_00009,106.08491086145204
17302_00010,113.69712411180612
17302_00011,112.00932387150802
17302_00013,114.43486427854037
17302_00014,138.78715709059838
17302_00015,99.2752409315921
17302_00016,123.47103212736488
17302_00017,106.418461979644
17302_00018,117.54529102969525
17302_00020,123.03284418904181
17302_00021,113.8074731627837
17302_00023,123.26521949517527
17302_00024,126.10999856604583
17302_00025,101.75884576215932
17302_00027,115.83532419116685
17302_00030,126.35538670615585
17302_00031,134.83079345468494
17302_00032,137.38504549100438
17302_00033,114.23868050765041
17302_00035,101.30385646409121
17302_00036,116.87651045168764
17302_00037,103.4582702694767
17302_00038,91.60126178596904
17302_00039,80.63810919713016
17302_00040,81.82373653288573
17302_00041,59.640920048476154
17302_00043,115.15432347849477
17302_00044,111.05549837036541
17302_00045,119.02662933878202
17302_00046,108.14049285162461
17302_00047,104.18601057659335
17302_00048,99.14623397451739
17302_00049,66.87451608209986
17302_00050,104.2734454956039
17302_00052,111.37935094531159
17302_00053,105.3979688596547
17302_00054,144.11194303388461
17302_00055,93.11080316479013
17302_00056,112.50234719272879
17302_00057,111.48385156585138
17302_00059,98.95638298749755
17302_00062,105.73769013515708
17302_00063,117.65494269172069
17302_00064,88.31452180328193
17302_00065,84.96182259044053
17302_00066,76.82350837593613
17302_00074,107.90102827115444
17302_00075,127.0145110020331
17302_00076,123.66463173644395
17302_00077,101.26472651726496
17302_00078,93.38122379035339
17302_00079,115.68941820951127
17302_00080,99.88225714208716
17302_00081,103.58000668631006
17302_00085,127.22595021832157
17302_00086,106.02251515450864
17302_00087,99.57588286334939
17302_00091,103.23993197250354
17302_00093,117.53113442962452
17302_00094,107.36714767719626
17302_00095,110.830472762949
17302_00096,120.03879709535028
17302_00097,117.82345842797909
17302_00098,121.54456727660381
17302_00099,90.08906530839884
17302_00101,93.49209276157113
17302_00102,130.5760188460243
17302_00103,105.78471256225662
17302_00105,88.58131179573792
17302_00106,99.0647816677752
17302_00108,120.42229167233457
17302_00110,125.76561720546798
17302_00112,100.21524911993578
17302_00113,126.6962317759154
17302_00114,92.31667186142025
17302_00115,95.54197311778877
17302_00116,79.88595786310437
17302_00117,126.33499851759471
17302_00118,76.92443960639574
17302_00119,89.7859258220905
17302_00120,69.8292211735765
17302_00121,90.58322140584917
17302_00123,131.4453766696722
17302_00124,117.67479534700615
17302_00125,126.84855986760756
17543_2434_x11441_y5587,114.28349856818295
17543_3308_x10077_y3766,88.88693336008451
17543_3471_x12087_y3637,138.91793453192477
17543_3705_x9619_y20864,113.5819854227546
17543_3828_x6023_y17044,95.6187316418476
17543_3842_x7369_y3542,156.18814061097814
17543_4868_x6727_y21047,102.53005987651082
17543_4926_x5833_y20277,99.34738421528543
17543_5296_x5131_y20385,135.65853477573938
17543_5334_x5066_y20381,154.88670457341178
17545_00001,124.49425232173499
17545_00003,110.85089560717604
17545_00004,123.82330970023607
17545_00006,118.03677608340857
17545_00007,114.96514672084547
17545_00008,114.93052871087141
17545_00023,100.38772402916167
17545_00024,128.03481361347332
17545_00025,130.0338686348705
17545_00026,119.04371571788646
17545_00027,107.82889273116777
17545_00028,105.14971973852874
17545_00029,115.66900724880595
17545_00030,112.49854172153886
17545_00040,108.07880840663019
17545_00041,131.4824366797177
17545_00044,120.74376548909399
17545_00045,134.63413524345873
17545_00046,73.40154506546044
17545_00047,112.75784139473588
17545_00048,88.47971866531978
17545_00050,133.7214185157357
17545_00052,135.25206046825468
17545_00053,125.92338998125767
17545_00054,86.13784206408015
17545_00055,140.59628024678022
17545_00056,122.14483130744847
17545_00057,118.68238030626944
17545_00058,102.28273334323043
17545_00059,122.10861744526213
17545_00060,113.47198964172676
17545_00063,117.16886971758477
17545_00064,148.77000306047483
17545_00065,126.69076227644173
17545_00066,99.93675156146872
17545_00067,108.50855628342728
17545_00068,88.88300032232533
17545_00071,128.84500042966522
17545_00073,109.64108548170968
17545_00074,103.7375857540658
17545_00075,93.10378321088373
17545_00078,103.76508574731731
17545_00081,116.01017156148143
17545_00082,96.45457971792935
17545_00084,132.15390613788153
17545_00085,133.8286418225447
17545_00088,85.16553977329002
17545_00089,166.8270419975149
17545_00091,89.78867063762665
17545_00092,97.39154354488171
17545_00093,127.9703569062395
17545_00094,79.28480027487262
17545_00095,112.03073126333287
17545_00110,113.85660440589459
17545_00111,101.13457258346334
17545_00113,103.09163692407391
17545_00115,133.01362741285342
17545_00116,131.57394511572218
17545_00118,112.78654111959663
17545_00119,133.918471011825
17545_00120,123.44548264361828
17545_00121,120.35359087491634
17545_00122,130.94645039558122
17545_00124,115.15126534885935
17545_00125,120.92781488654646
17545_00126,120.3801085075594
17545_00129,110.15804911769948
17545_00130,127.23610381876937
17545_00131,136.01913427652184
17545_00132,123.38174360252019
17545_00136,109.21396845166937
17545_00138,126.28968490139953
17545_00140,127.08048841970765
17545_00142,115.02258248636822
17545_00143,131.52780867246796
17545_00144,108.00831359574657
17545_00145,160.97927434077562
17545_00146,95.53840709808578
17545_00147,136.47749016082244
17545_00149,128.8393956172556
17545_00150,122.16829602515786
17545_00154,110.0477785803384
17545_00155,112.77570350367162
17545_00158,104.26432196425917
17545_00159,98.04972015910046
17545_00162,137.065325494128
17545_00163,125.976697315815
17545_00164,107.2466283399873
17545_00165,101.11394205413697
17545_00166,99.65644650764968
17545_00168,118.10485343515107
17545_00169,125.15499415600834
17545_00170,112.02508773443563
17545_00172,89.62189514055936
17545_00173,104.53043598703555
17545_00174,97.11575690044866
17545_00175,130.78502546514355
17545_00176,152.28270935823505
17545_00177,113.26421719091036
17545_00178,163.39262864562255
17545_00179,103.8519762278949
17545_00180,160.22589443661707
17781_00001,117.66040741034097
17781_00003,135.78918323517476
17781_00004,107.02558866040908
17781_2184_x15071_y19950,122.63583567523551
17781_2491_x13559_y38398,132.5393157513954
17781_3668_x9453_y17266,220.34954101522834
17781_3819_x16144_y41186,117.2835653775986
17781_4095_x17570_y12460,114.26088692232739
17781_4710_x13766_y10574,134.30919031558787
17781_4874_x11466_y11924,136.7318602337626
17781_5166_x11993_y10858,96.04309687334822
17781_5361_x17741_y11849,131.58361032013744
17781_5548_x15772_y8872,133.06967066961144
17781_5655_x10641_y11102,129.93249898329768
17781_5894_x11460_y10079,121.4309455984489
17781_6028_x9772_y42888,112.51853163358072
17781_6202_x7633_y12296,134.54586172302743
17781_6228_x12697_y8412,146.8064242525447
17781_6262_x6896_y13574,133.38896107948224
17781_6270_x9494_y43380,121.7042213053528
17781_6287_x8230_y11645,148.2603507308659
17781_6325_x14423_y8278,151.33138071309085
17781_6355_x6443_y33777,248.87755931546818
17781_6626_x22318_y13682,224.9442251966481
17781_6627_x22762_y14486,187.28090270568597
17781_6643_x22317_y12822,288.88377473672716
17781_6802_x8324_y14113,278.0183336652535
17781_6866_x8954_y41812,130.44626999795128
17781_6881_x22248_y12698,206.31055872239887
17781_7132_x8998_y15272,280.7870823657677
17781_7281_x18241_y11406,213.11743314137618
17782_3138_x32805_y18352,149.311743839133
17782_3253_x33739_y18314,132.0065090013736
17782_3284_x11909_y16428,104.5831858660326
17782_3352_x11384_y16404,112.12178248086761
17782_3487_x11014_y17041,128.90956905634084
17782_3651_x35286_y18512,137.87602819392526
17782_3672_x34784_y19432,96.16670213128552
17786_00001,121.88611741760798
17786_00017,117.81950378394944
17786_00022,215.70868134997562
17786_00024,164.05461793506134
17787_00007,89.91347742923041
17787_00013,131.52426950719183
17787_00014,146.4837754734057
17787_00019,152.6379710415671
17787_00026,102.95915063458969
17787_00029,102.31634098624167
17787_00048,121.86892454797501
17787_00049,113.95939744999724
17787_00050,127.79268864853925
17787_4521_x5172_y12873,202.78929466220666
17787_4690_x4440_y9176,128.53543460411456
17787_7070_x12739_y1410,132.70965553129167
17788_3709_x6000_y8213,88.08212023812179
17788_4719_x3512_y9492,167.41044711530324
17788_5059_x3960_y6601,123.62938912500448
17788_5767_x16636_y3662,136.1290122149048
18047_00047,207.40641259216164
18047_2622_x11862_y12983,324.3285245787088
18047_3132_x24052_y12385,351.86778200132335
18047_4141_x14168_y9063,248.6151155767683
18047_4458_x18853_y10785,216.33666558208924
18047_5719_x25513_y7957,200.22139526954527
18047_7769_x31046_y13195,204.06934355754484
182724_2238_x7096_y20268,288.5005188975792
182724_2247_x6785_y11803,344.8964041766799
182724_2333_x7081_y21185,296.4010644335943
182724_2383_x9300_y17890,217.5995049204413
182724_2494_x6419_y20983,288.8812522071203
182724_2525_x8483_y21088,286.2440957930695
182724_2526_x7529_y21792,269.97404501566336
182724_2670_x5615_y13225,312.90368931263504
182724_2926_x5279_y13761,308.1083142784056
182724_2997_x5821_y12613,388.021806104937
182724_3848_x8903_y23965,250.33251120674228
182724_3887_x5901_y10339,380.27673821339005
182724_4327_x4847_y18972,244.67600952617346
182724_4472_x5247_y12162,226.5355518047864
182724_4580_x5627_y9427,265.8896136493948
182724_4599_x8181_y6776,357.7744706556069
182724_4785_x5002_y11122,273.7958369696132
182724_5355_x5321_y20589,185.9515818340353
182724_5410_x4393_y11075,198.89164288288046
182724_5651_x9832_y25682,288.5739852589987
182724_5793_x8695_y5510,305.43251146374854
182724_5937_x3804_y11955,251.77706917049568
182725_2241_x9113_y11193,283.5295597368515
182725_2376_x10033_y10786,267.69749758845785
182725_2390_x8944_y12077,412.8668612597567
182725_2581_x9375_y21137,285.6820779881098
182725_2917_x9391_y22263,274.283367316837
182725_3680_x13452_y7614,227.6033640101951
182725_3762_x5563_y19178,347.1965361712072
182725_4080_x6576_y11407,228.78452687337676
182725_4160_x5717_y19181,357.20850222391186
182725_4290_x5671_y18488,324.95188316968256
182725_4390_x5078_y18459,249.05394657861285
182725_5012_x5980_y10427,236.89964752913946
182725_5094_x5532_y11642,232.96070103553936
182725_6819_x6109_y7853,221.87799938752306
182725_7341_x4593_y22594,229.00708625609084
18452_3926_x14445_y21337,148.91175684628456
18452_4002_x10332_y17479,133.32583062453827
18452_4126_x15225_y20986,161.70940450991878
18452_4272_x26686_y20064,168.59821586157122
18452_4536_x11274_y21067,130.01384714491195
18452_5511_x26566_y3403,116.68088192412323
18452_7249_x11408_y2071,112.27042403749276
18453_1641_x24165_y10580,165.40305610966286
18453_1643_x24077_y11694,175.3602446194234
18453_1674_x14446_y9719,161.5510100112786
18453_1924_x22284_y8069,143.15389773563373
18453_2190_x23739_y8507,183.13721418583646
18453_2400_x15836_y7243,187.92329151860605
18453_2428_x13810_y8197,157.48394934619589
18453_2632_x11687_y8383,194.79780299741614
18453_2645_x28684_y11703,128.14263733028042
18453_2713_x27713_y9899,166.7092164084771
18453_2884_x12998_y7285,136.6247463694505
18453_2991_x13607_y7348,197.17620522273657
18453_3021_x27493_y8943,182.3919810133412
18453_3147_x16721_y20510,85.79756373430759
18453_3186_x12745_y7108,145.65072323503486
18453_3218_x16785_y20581,126.29943505372383
18453_3225_x17398_y19713,137.58929757878954
18453_3316_x8214_y11076,133.61544297194928
18453_3326_x29413_y10076,98.24484609750172
18453_3350_x8925_y9653,136.36753270632605
18453_3456_x24161_y6646,155.57074821601236
18453_3471_x28224_y8289,113.23106859061754
18453_3492_x29357_y9198,95.10157132617212
18453_3516_x21006_y6048,142.68588790253892
18453_3564_x30226_y9677,138.81864961487435
18453_3579_x30397_y10103,133.0492785477956
18453_3678_x8938_y8684,106.128680437513
18453_3690_x8282_y9898,103.31446093938654
18453_3704_x10450_y7387,144.40390201204102
18453_3766_x16118_y20931,144.24992671796414
18453_3767_x22604_y5643,143.2497454373818
18453_3795_x13584_y5960,177.37653705712006
18453_3796_x16246_y20830,145.34064046978196
18453_3810_x16082_y20891,136.23047473163956
18453_3841_x9500_y7920,112.38876617859385
18453_3848_x19057_y7025,115.83605662739899
18453_3935_x22928_y21885,168.6297214415609
18453_3945_x11262_y6434,155.65601132259573
18453_4067_x16924_y5288,157.10945215040317
18453_4186_x30783_y11697,137.26025480574032
18453_4221_x16935_y5165,169.4599585664374
18453_4231_x30739_y8470,102.55499355723055
18453_4283_x7543_y12923,124.9051055729271
18453_4283_x7739_y13735,151.95966067519666
18453_4345_x12044_y5189,124.23160010795227
18453_4386_x31552_y9254,106.37024003215264
18453_4403_x30609_y7732,119.73983273703115
18453_4496_x31014_y8304,89.69993489841147
18453_4497_x29287_y7176,95.67932862913887
18453_4540_x32498_y9442,136.8146563699041
18453_4693_x33039_y11636,170.8832236685541
18453_4711_x14090_y3943,143.10129518561394
18453_4725_x30684_y6703,135.48974435577674
18453_4749_x31789_y8895,88.74282643588165
18453_4899_x10111_y5917,107.2021693563387
18453_5033_x32118_y8975,116.06279555426315
18453_5113_x9557_y5782,84.05047478414747
18453_5228_x9833_y5221,123.61322863000123
18453_5308_x10321_y5166,91.88354853021693
18453_5317_x24548_y3717,161.90533332161496
18453_5318_x33682_y14092,134.95069840154352
18453_5325_x32314_y8395,126.7553736753833
18453_5343_x23330_y3366,153.6895426823998
18453_5436_x32746_y12751,133.8785238778514
18453_5459_x9646_y5477,79.1957876308541
18453_5535_x29214_y5045,139.0195688540674
18453_5578_x32997_y13060,158.6140389524183
18453_5667_x25695_y3103,121.4179034191864
18453_5766_x31719_y6139,113.3040529503895
18453_5841_x19468_y3419,127.12243915267192
18453_5862_x33046_y12305,132.4911947755348
18453_5941_x24629_y3152,159.6927042418344
18453_5995_x24812_y3143,177.23905996307968
18453_6040_x24821_y3042,174.121435142041
18453_6053_x8032_y5933,115.44264497676289
18453_6181_x10238_y3690,127.085382668029
18453_6229_x34471_y10482,143.45080628071517
18453_6316_x30559_y4743,116.28820386701179
18453_6477_x30376_y5078,111.67889051411206
18453_6479_x9010_y4330,132.98270038667235
18453_6500_x34303_y12884,158.6751138216056
18453_6537_x8725_y4484,123.32060293626944
18453_6561_x9442_y3817,113.99300597629329
18453_6576_x22528_y4353,107.94953636119115
18453_6604_x9161_y4006,127.38196785902103
18453_6675_x10576_y3102,131.5021703491238
18453_6675_x8876_y4461,148.63975341599235
18453_6708_x6437_y7833,124.71695937747396
18453_6746_x8555_y4741,136.39313565884257
18453_6748_x28152_y3578,123.62396075880326
18453_6756_x7677_y5336,149.81188040902026
18453_6846_x11548_y2831,149.7744952128467
18453_7007_x11486_y3611,136.82712162514792
18453_7010_x8769_y4509,130.2506613558882
18453_7024_x9012_y4138,160.87295715394689
18453_7112_x9089_y4667,142.49564099462037
18453_7132_x11495_y3152,141.64601668109302
18453_7132_x31679_y7308,164.30244114822855
18453_7146_x8788_y4552,151.76082993280437
18453_7188_x11060_y3637,148.66707296747805
18453_7223_x30215_y5120,128.42718969447776
18453_7245_x12979_y2864,144.06831755082982
18453_7304_x11719_y3749,127.70464859550317
18453_7309_x5442_y9199,153.50829202618092
18453_7455_x32866_y9412,148.29952307817018
18453_7692_x10145_y15241,140.43469172838064
18453_7813_x5799_y12199,226.5211907353587
18454_00002,170.57178396555358
18454_00003,133.90214941241447
18454_00004,136.62205991321383
18454_00008,121.49512045181083
18454_00009,132.9336995995365
18454_00010,124.77150474930178
18454_00011,98.48150160071083
18454_00014,137.15497719213707
18454_00015,127.19820925450256
18454_00016,135.53097820322407
18454_00017,120.72961586301963
18454_00018,103.71784333197246
18454_00020,132.63677986115331
18454_00021,85.5268876985365
18454_00022,130.2896595949211
18454_00024,80.46711105417963
18454_00027,109.45165689829483
18454_00028,88.63627362360617
18454_00029,104.6637439366434
18454_00039,117.80295231581998
18454_00046,109.37820578471015
18454_00048,126.07370797307567
18454_00049,126.84102571968717
18454_00050,128.03667182185902
18454_00051,143.06676928941607
18454_00052,132.22381494239306
18454_00053,119.63040367603578
18454_00054,137.0680439933307
18454_00055,137.0621915460124
18454_00056,124.89999788103678
18454_00057,103.18493207590956
18454_00058,113.48383776474515
18454_00059,108.83599779059873
18454_00060,136.48553718030647
18454_00061,94.82419517922375
18454_00062,116.2506172169627
18454_00063,106.20819006616489
18454_00064,89.26596427878411
18454_00065,139.51791796673535
18454_00066,101.0298202693767
18454_00067,134.77623296104738
18454_00068,88.00190879982863
18454_00069,103.37955933971544
18454_00070,102.26738650314812
18454_00071,112.0371865096535
18454_00072,143.84028906134995
18454_00073,136.98496461332613
18454_00074,129.1571803189562
18454_00075,156.0690097994201
18454_00080,137.32128255425053
18454_00086,134.46506058344912
18454_00090,109.93335141599243
18454_00092,89.3496851089167
18454_00093,71.19658820492057
18454_00095,124.61470603306492
18454_00096,138.98545268844993
18454_00097,108.16635183871433
18454_00098,127.51497787013098
18454_00099,117.62880897646431
18454_00100,103.37030301303302
18454_00101,107.22203937756811
18454_00105,125.28634387419999
18454_00106,144.911033488056
18454_00107,120.40849212131859
18454_00109,147.3916333373519
18454_00111,134.19327468726058
18454_00126,126.63217392233825
18454_00127,133.23815049639748
18454_00128,141.84603332580582
18454_00129,103.10307985853466
18454_00130,117.42708613237846
18454_00131,147.4153455483566
18454_00132,142.1453483311051
18454_00133,120.06579990143615
18454_00134,107.9068741157073
18454_00135,110.7493323332596
18454_00136,142.67325414483636
18454_00137,98.73918142041536
18454_00138,118.50782424574184
18454_00139,120.16844332239118
18454_00140,98.96787172912558
18454_00141,117.38218052373581
18454_00142,128.67830006787918
18454_00143,114.65255569050903
18454_00144,132.78661810227112
18454_00145,91.64702847036644
18454_00146,108.43608078504123
18454_00147,134.0591248440288
18454_00148,114.4016536863204
18454_00149,110.88759424758445
18454_00150,120.27250881929427
18454_00151,125.09646198629845
18454_00152,108.96166578956588
18454_00153,122.15965536988686
18454_00154,113.0026257177656
18454_00155,105.95948363694983
18454_00156,117.43767350764178
18454_00157,125.30002705558196
18454_00158,136.78289555774313
18454_00159,125.44340743643143
18454_00160,114.75276925793064
18454_00161,133.40979703551506
18454_00162,106.6888419694149
18454_00163,112.96448221297818
18454_00164,120.12780858881374
18454_00165,135.85988196853953
18454_00166,123.13861337525188
18454_00167,136.34010695204947
18454_00168,139.2443086596638
18454_00169,156.35010207646238
18454_00170,105.35680289002339
18454_00171,107.01858605781061
18454_00174,105.98689909617033
18454_00176,177.6916490350184
18454_00177,143.4418274867468
18454_01000,138.04051697973975
18454_01001,93.024408095855
18454_01004,129.41306518334858
18454_01005,116.90553595855206
18454_01006,130.5932778937022
18454_01007,122.88569110314306
18454_01009,100.94963678245797
18454_01010,103.61869384728917
18454_01011,102.18973596399907
18454_01012,91.09484151593149
18454_01013,113.79400327874669
18454_01014,136.24531721818886
18454_01015,114.59856485751114
18454_01018,124.85138691672927
18454_01021,111.6478141170479
18454_01022,148.8765492717737
18454_01023,94.60312241253104
18454_01027,111.03891074124832
18454_01030,68.24407057828795
18454_01031,93.75902311656012
18454_01032,79.70935042902724
18454_01033,80.90094974885437
18454_01034,102.04155083878165
18454_01035,88.5778986922524
18454_01038,88.34079455439479
18454_01039,93.71619681922384
18454_01040,100.38768649686531
18454_01041,96.33624424967175
18454_01042,88.11694690741945
18454_01043,89.67889551641362
18454_01044,81.99298965512065
18454_01045,99.99452549418572
18454_01047,98.20778652700281
18454_01048,117.83767012547793
18454_01049,124.43260871556605
18454_01050,149.77593985281294
18454_01051,106.76688528238384
18454_01052,119.32462526794879
18454_01053,121.92408569530483
18454_01054,92.74512009364815
18454_01055,112.03783779948346
18454_01056,89.14432161235308
18454_01059,103.65267216952034
18454_01060,114.81971988794231
18454_01061,116.95478769596757
18454_01062,108.40562420272306
18454_01063,107.35920717467768
18454_01064,147.01028569407984
18454_01066,134.4708430997424
18454_01067,137.13951132250827
18454_01069,121.23219089268737
18454_01072,107.45090727488008
18454_01073,106.802391455746
18454_01074,137.95154556108537
18454_01075,142.20381430362065
18454_01078,137.79385261131688
18454_01079,139.90774517790138
18454_01080,96.39009120349263
18454_01081,94.91096545900078
18454_01082,113.66851457743466
18454_01085,105.3194165278538
18454_01086,112.53205757624463
18454_01089,98.70145038565958
18454_01090,99.5245850200177
18454_01091,141.5013996760726
18454_01092,93.99758483055075
18454_01093,111.03747159588583
18454_01094,117.34457521530538
18454_01095,92.96923382107386
18454_01096,103.62739990840481
18454_01097,101.24473986722617
18454_01098,99.13336246356529
18454_01099,121.83737445236625
18454_01100,100.02505293894505
18454_01101,98.6914404680321
18454_01103,99.81534448948719
18454_01104,97.41795865209531
18454_01105,86.89650485612648
18454_01106,110.80398461909789
18454_01107,116.29290032815005
18454_01108,135.14502253021539
18454_01109,93.82567075441645
18454_01110,107.56238903408865
18454_01111,89.9145483813357
18454_01112,79.32569810265886
18454_01113,88.63271897219869
18454_01114,97.69312257103041
18454_01115,100.56311134821298
18454_01116,99.64291729126953
18454_01117,88.98025069395733
18454_01118,89.31841904239988
18454_01119,90.73188140719654
18454_01120,106.80775093766054
18454_01121,115.44921460019641
18454_01122,82.8972740822575
18454_01123,86.808819114991
18454_01124,80.66137649572921
18454_01125,100.65273996856162
18454_01126,87.77268104738675
18454_01127,100.99720718464388
18454_01130,135.42653703227307
18454_01131,142.89937769066216
18454_01132,125.20527186688138
18454_01133,126.21693224164679
18454_01134,122.21877910033083
18455_00002,77.08400705960882
18455_00004,97.09916148824055
18455_00005,132.21766368095518
18455_00007,110.2245498561774
18455_00008,115.001292431926
18455_00009,115.28070568725066
18455_00011,119.01122764246455
18455_00012,124.67554342352437
18455_00013,113.80647946220513
18455_00014,120.33501900706881
18455_00015,108.85234474082702
18455_00016,105.55049805991928
18455_00017,96.00022243131578
18455_00018,89.80076608676725
18455_00019,100.95093587968056
18455_00020,100.03178366647523
18455_00021,83.93295901848278
18455_00022,88.46066467238491
18455_00023,162.14749341997484
18455_00026,131.11532660495078
18455_00028,132.74483967950087
18455_00030,149.27394178818756
18455_00031,115.94292462279637
18455_00032,113.7706600343217
18455_00033,101.96872784239648
18455_00036,101.61382545660882
18455_00037,128.96136741018228
18455_00040,98.71708511769603
18455_00041,101.13114797496424
18455_00042,104.64739599522636
18455_00043,107.80229905116553
18455_00044,104.62025535835217
18455_00045,105.4137276900697
18455_00046,84.88772780631578
18455_00047,103.96941266661791
18455_00048,127.31025221997183
18455_00049,92.53001759397941
18455_00050,97.4522311506253
18455_00106,124.45862894156028
18455_00110,120.59565371538872
18455_00119,109.56166985858816
18455_00120,88.6710072202704
18455_00121,89.56867024455971
18455_00122,179.84600135154037
18455_00123,171.3121304843076
18455_00124,145.30965244812907
18455_00125,115.68468431951145
18455_00126,128.38790643579307
18455_00127,103.08970834181544
18455_00132,131.37045971276459
18455_00133,151.07121180143383
18455_00134,97.09742314207307
18455_00135,91.82122153654447
18455_00136,86.97361005770875
18455_00137,95.57661317772121
18455_00138,84.94685726832631
18455_00139,96.06710184993548
18455_00140,127.34764949660804
18455_00142,101.95171972989583
18455_00143,110.76271208619175
18455_00144,121.1286872875684
18455_00145,79.65125489966977
18455_00146,91.94860923986685
18455_00147,102.83410268048051
18455_00148,99.57294603962085
18455_00150,103.94437563834256
18455_00152,100.43903031737075
18455_00153,121.5634600972627
18455_00154,112.97120077798846
18455_00158,144.75329972928427
18455_00159,123.6673559981203
18455_00163,110.9658465078525
18455_00165,128.1987673971087
18455_00172,119.49938881630806
18455_00180,108.36932474698338
18455_00181,141.93918549181043
18455_00182,113.52803556597988
18455_00199,135.7281665717536
18455_00200,89.40014548229509
18455_00201,92.56488327082593
18455_00202,119.90599223757667
18455_00203,115.52004304141705
18455_00204,93.26826813156336
18455_00205,104.33179441389798
18455_00206,93.41510722291976
18455_00208,114.21466645789567
18455_00210,112.81386744239387
18455_00220,152.0868283443481
18455_00224,122.7993934296399
18455_00240,112.40555327336911
18455_00252,105.0581364061332
18455_00253,113.69457520763389
18455_00254,111.84987650535865
18455_00255,92.38120793000047
18455_00256,107.36962515021797
18455_00257,107.44437475493332
18455_00258,95.16181287440203
18455_00259,93.05637924761402
18455_00260,83.98613971841968
18455_00261,90.23653872959028
18455_00262,102.82288653651328
18455_00263,107.7377016477925
18455_00264,133.1613890662057
18455_3718_x10944_y12140,148.38652026744768
18455_4619_x10185_y12182,121.77477159535272
18455_4709_x21225_y13716,123.7255945689754
18455_4982_x21552_y14337,118.72704435512765
18455_5253_x25617_y13881,100.2632184987985
18455_5316_x26308_y13288,100.58366324811581
18455_5404_x24949_y14106,129.52908304821148
18455_5472_x13482_y11733,114.11908702707743
18455_5474_x14981_y13279,112.50262908276902
18455_5507_x14812_y14221,113.00958025729011
18455_5517_x15391_y12702,123.83040659477992
18455_5730_x15780_y13638,121.81965357379107
18455_5898_x14920_y13352,138.06483926539693
18457_00001,115.1368452184762
18457_00002,121.21749462198457
18457_00003,115.62782739397744
18457_00004,99.73496955937505
18457_00005,89.42060656005336
18457_00006,110.94209281588547
18457_00007,116.60530532754295
18457_00008,142.96584910895666
18457_00009,175.00771817691026
18457_00010,100.38119096961475
18457_00012,100.11249334307958
18457_00013,105.13737893460328
18457_00014,87.39473984602355
18457_00015,111.48670793542223
18457_00017,90.31889983149874
18457_00018,107.36754208516601
18457_00019,94.12596222476779
18457_00023,79.03384040277818
18457_00024,97.45857945612106
18457_00025,84.34440426411753
18457_00026,119.33140275275044
18457_00027,99.98945506588885
18457_00028,110.55052878483812
18457_00029,106.96263499227791
18457_00030,117.36319118556658
18457_00031,96.80906372620156
18457_00032,141.26875577142988
18457_00033,97.54809093193695
18457_00034,130.3804723176256
18457_00035,104.057902935958
18457_00036,124.5302777248566
18457_00037,104.78629811132588
18457_00038,119.18612664363556
18457_00039,114.97591180258381
18457_00040,71.806293145342
18457_00041,114.37225894774787
18457_00043,147.29756544532634
18457_00044,121.34024156660334
18457_00045,130.91762019856066
18457_00046,120.18339567270657
18457_00047,110.09132244903962
18457_00048,102.1522656438079
18457_00049,100.02825260303406
18457_00051,96.55183180093798
18457_00052,116.2609435781693
18457_00053,182.95335981534862
18457_00054,120.74186809432618
18457_00055,112.93113285244895
18457_00056,105.916510767374
18457_00057,117.95489346715048
18457_00058,96.41628082812906
18457_00059,94.06544032200729
18457_00061,103.84966812127942
18457_00062,94.34652993485518
18457_00063,96.92535600520176
18457_00064,119.14150982508495
18457_00065,102.46060836312422
18457_00066,113.07858199251847
18457_00068,108.71508010029642
18457_00069,123.31513152260267
18457_00072,108.12179324016662
18457_00073,110.22733547855258
18457_00074,122.82076898229616
18457_00075,137.65348007912513
18457_00076,110.80722183790677
18457_00077,94.18480007421489
18457_00078,92.82860660828482
18457_00079,107.42982686243782
18457_00080,109.37714634433937
18457_00081,162.63390129479652
18457_00082,150.01907584801353
18457_00083,100.34349012793659
18457_00087,130.02535731016894
18457_00088,100.76636602649377
18457_00089,122.08925014356565
18457_00090,102.3281394904031
18457_00091,97.0188843055852
18457_00095,95.28044949139486
18457_00096,99.70865726540397
18457_00097,124.165761201906
18457_00098,124.2816831327764
18457_00099,139.79547346245494
18457_00101,163.1098208248103
18457_00102,128.8428477055352
18457_00103,133.5503619773361
18457_00106,83.20681224841908
18457_00108,130.4903270901627
18457_00109,142.7302515375808
18457_00110,156.41088833507158
18457_00111,149.86976603939993
18457_00112,174.4876234239881
18457_00113,132.47135952244182
18457_00114,111.94348248103243
18457_00115,93.76175251398689
18457_00116,168.22406096730523
18457_00117,83.67062596126601
18457_00118,107.36255228844625
18457_00119,109.92425657431711
18457_00120,156.77491908441988
18457_00121,148.92397178919623
18457_00122,93.81797162355178
18457_00123,108.19118199330886
18457_00125,106.48908925804027
18457_00126,125.04654422925032
18457_00127,135.320807850651
18457_00128,118.32223113450483
18457_00129,114.40002372500531
18457_00133,108.75293728928264
18457_00135,147.39287913122718
18457_00136,175.67222650569232
18457_00139,64.59419117428604
18457_00140,84.93905845927736
18457_00141,130.77281234954887
18457_00142,112.35456991336189
18457_00143,132.74583148877326
18457_00144,113.87328340389524
18457_00145,110.80671021071741
18457_00146,107.94121969342382
18457_00148,106.67031676903088
18457_00150,121.64249070275845
18457_00152,104.0967519883405
18457_00159,123.50970339079764
18457_00162,123.36931935674467
18457_00163,117.43124699615933
18457_00164,136.38268389257692
18457_00170,103.25702950199783
18457_00184,185.9405732736077
18457_00188,165.49460372268052
18457_00190,115.53628447968927
18457_00194,112.99665669610368
18457_00197,106.80360033808287
18457_00199,124.24934304302796
18457_00202,123.83859653588807
18457_00203,125.34872843853344
18457_00204,145.30192610257825
18457_00205,120.47553818890333
18457_00206,155.46902796294316
18457_00209,140.38013628411937
18457_00241,148.08476409757336
18458_00048,134.3033721224539
18458_00049,108.18572263064348
18458_00050,85.97400102603108
18458_00051,94.22259706577869
18458_00053,118.50501757794802
18458_00056,97.76007496806994
18458_00057,88.09294799189503
18458_00069,73.72921888452949
18458_00075,191.02617902450638
18458_00077,176.9114465362067
18458_00083,111.93138392881248
18458_00086,99.3695667246937
18458_00101,72.15134253580659
18458_00102,83.57284768916128
18458_00114,106.96777680120972
18458_00119,104.54708532536024
18458_00121,104.91576662104796
18458_00122,101.78027465693401
18458_00125,80.05394961417399
18458_00148,166.09341895626403
18458_00150,164.38341574699132
18458_00185,166.2370377671644
18458_00236,111.28863417200643
18458_00239,123.53289355318923
18458_00241,120.11583323710687
18458_00242,138.36891487031656
18458_00244,110.04591305458774
18458_00249,180.59053823624504
18458_00250,85.28685108458612
18458_00264,108.4456907085261
18458_00267,104.15296238204466
18458_00268,124.92315698588448
18458_00269,112.49451287839109
18458_00273,103.00490151418008
18458_00277,107.72318322850307
18458_00280,98.8471489040428
18458_00281,103.50425105068818
18458_00302,87.64854434337437
18458_00306,84.3248311783688
18458_00351,93.65651628783563
18458_00353,110.45073962327852
18458_00374,151.7092792542566
18458_00375,146.20493223748994
18458_00376,117.2757016521376
18458_00386,69.21791670661935
18458_00419,131.9240895405514
18458_00424,90.364006944641
18458_00430,95.75371747119922
18458_00437,108.23695580722463
18458_00443,99.00905026482768
18458_00444,102.88469843348807
18458_00445,120.00849652248135
18458_00450,118.12446499736137
18458_00456,137.33466508777326
18458_00458,108.81904420963836
18458_00459,100.78535132047718
18458_00460,94.56592507298912
18458_00461,123.80196346360556
18458_00468,151.7500441276294
18458_00488,110.9874931099428
18458_00492,123.87194181894715
18458_00496,130.25819170870213
18458_00500,128.18866679036626
18458_00502,154.48104704948756
18458_00505,200.149751909568
18458_00540,119.6691370200942
18458_00541,101.68046437474537
18458_00542,114.42949371379022
18458_00547,101.89561882685179
18458_00548,100.54558935363262
18458_00549,126.46546060476508
18458_00550,87.34255635846324
18458_00551,133.0431144175433
18458_00555,104.85383365705354
18458_00561,115.1388752818023
18458_00562,116.49594820619234
18458_00564,119.40909197884271
18458_00565,105.58298198428832
18458_00567,114.75852541291145
18458_00574,109.45513884044401
18458_00575,107.69552549588188
18458_00577,123.30166821985759
18458_00578,118.2198041298041
18458_00580,113.01077925043157
18458_00583,127.24899891896422
18458_00584,119.02084204452119
18458_00585,172.3141354958178
18458_00586,137.8641511620875
18458_00612,107.68344310688511
18458_00614,163.09863575131072
18458_00615,151.02103508802293
18458_00616,142.72682290880655
18461_2985_x10744_y3095,116.08441413129292
18461_3220_x7596_y9465,179.96196360797987
18461_3871_x7813_y3857,172.00091184935954
18461_4178_x16825_y2713,112.38159432299861
18461_4233_x19011_y2874,115.66730377690003
18461_4388_x5599_y5781,91.63187200535731
18461_4410_x23856_y6531,123.27767572146043
18461_4545_x5749_y4914,140.74055801159673
18461_4862_x17603_y2198,126.15330662633876
18461_5025_x23630_y4542,109.91622732417925
18461_6043_x11080_y1667,143.06349555164448
18461_7132_x6338_y3287,161.33559846755006
18462_00005,107.55882104976004
18462_00007,152.42511806639507
18462_00009,136.17500614796373
18462_00012,125.03997260879169
18462_00013,120.92226700305176
18462_00014,114.6667874885213
18462_00015,112.6277906460123
18462_00016,114.10884477691198
18462_00017,105.71318195161894
18462_00018,110.87118507057028
18462_00019,99.49697951351766
18462_00020,105.72736973209665
18462_00021,92.4387243191849
18462_00022,89.31046259425152
18462_00023,118.58517549327041
18462_00024,83.99466534275723
18462_00025,90.76724068911224
18462_00026,115.07092000177947
18462_00027,121.01010511491599
18462_00028,124.41821080658734
18462_00029,127.36944360017257
18462_00030,141.2561305034202
18462_00031,149.96891167610642
18462_00032,133.196555165861
18462_00035,99.74308024911937
18462_00038,82.15391095147845
18462_00040,106.75046185978286
18462_00041,123.53577201687776
18462_00042,138.19030172290232
18462_00043,135.53995499850507
18462_00044,138.1803245252209
18462_00045,116.8195750247789
18462_00048,115.17332318763955
18462_00049,156.5297149431328
18462_00050,120.79492685444885
18462_00051,106.9365684730772
18462_00052,126.97976076077616
18462_00053,128.94783413689294
18462_00054,91.85904751748473
18462_00055,100.19824055763857
18462_00056,114.30744699301081
18462_00057,94.8365207092956
18462_00058,103.47634061855713
18462_00059,110.70644645154559
18462_00060,121.47549733595011
18462_00061,139.4902633521434
18462_00062,132.2695883171693
18462_00063,140.36453921487086
18463_00001,127.22526134981938
18463_00003,135.01378769091352
18463_00004,77.84719607136499
18463_00005,119.58925303664017
18463_00007,83.34298116116422
18463_00010,135.65302903138397
18463_00011,120.64608482148302
18463_00012,82.54196500661197
18463_00013,126.20525259704618
18463_00014,75.858016578683
18463_00015,111.47741132411696
18463_00016,130.61997286507426
18463_00018,151.44857981313353
18463_00019,144.13600873509577
18463_00020,122.26613879749523
18463_00021,219.5001898756823
18463_00024,156.17933182827983
18463_00027,118.60803001508907
18463_00028,128.8734668285414
18463_00029,133.76810657022133
18463_00031,126.04467654910839
18463_00032,94.44117110806842
18463_00034,102.27516715675743
18463_00036,120.84487017144082
18463_00037,136.08529167669406
18463_00038,106.87741325490497
18463_00039,139.52610030532293
18463_00040,118.59724277801332
18463_00041,144.5146156945996
18463_00042,143.4446476348475
18463_00045,148.98284869997107
18463_00046,138.46771240866423
18463_00047,162.07637770367867
18463_00051,135.24980511538791
18463_00052,174.9233695024709
18463_00054,133.00698808353673
18463_00055,147.45376884477776
18463_00056,204.5078996776369
18463_00057,107.67884221960257
18463_00058,87.34706273387215
18463_00061,165.45350482175218
18463_00062,159.64994767213415
18463_00066,112.93221749503364
18463_00067,105.6431800832719
18463_00068,117.97137796753927
18463_00069,122.59850310993717
18463_00071,116.73325226486993
18463_00072,151.0157280075415
18463_00073,129.62310108763586
18463_00074,93.57103000538213
18463_00075,103.24805916329659
18464_00004,113.49772397171148
18464_00009,135.48050817910965
18464_00010,123.19804896864262
18464_00016,107.1234881052588
18464_00029,87.22025453581968
18464_00031,93.71610122717694
18464_00042,104.74996695756217
18464_00044,106.14627063680533
18464_00045,110.94650318014746
18464_00046,112.25587813983171
18464_00047,133.54523216922144
18464_00048,130.1443108988332
18464_00049,107.29153332627257
18464_00052,102.9143582542948
18464_00061,121.40058269442126
18464_00074,147.24564830547416
18464_00075,116.78589374935166
18464_00076,119.7252529242271
18464_00079,113.98892710040438
18464_00080,128.08713175435722
18464_00081,105.32164224391235
18464_00082,104.89377378028715
18464_00085,121.42874748387501
18464_00086,114.28854546297595
18464_00088,133.43716889329883
18464_00102,169.08042840982407
18464_00108,132.34574263554825
18464_00112,130.83465647318224
18464_00119,110.35027060414329
18464_00122,128.9367851497398
18464_00124,132.80315867504058
18464_00127,128.82515020547754
18464_00128,127.97356802840683
18464_00129,118.63742625919062
18464_00132,142.53959781532163
18464_00133,110.72070505212598
18464_00139,221.74178697908323
18464_00141,111.52018888864646
18464_00143,111.704096959362
18464_00153,136.04141656975483
18464_00155,151.69215989754412
18464_00163,119.29848480939236
18464_00169,106.55096019389615
18464_00183,113.90965829645351
18464_00184,128.4640751092809
18464_00191,89.1838881141129
18464_00192,267.89946652272187
18464_00193,122.96361244634167
18464_00194,88.6381830676139
18464_00196,187.14243652932416
18464_00197,434.86756636671936
18464_00198,155.6577746129941
18465_00001,128.22248182420142
18465_00003,134.2241816217088
18465_00005,135.4348390009107
18465_00006,102.32813898020075
18465_00007,144.78096707232902
18465_00008,151.22417320616384
18465_00009,144.86168064596097
18465_00011,113.4445411993016
18465_00015,107.86254914724451
18465_00017,103.38356968940774
18465_00018,116.75102551628184
18465_00028,139.91710058428134
18465_00029,147.55837924161506
18465_00030,131.40331801467306
18465_00031,118.65799916481478
18465_00032,122.26285862707991
18465_00033,147.26849982855182
18465_00034,161.38189418960965
18465_00035,123.86155181429518
18465_00036,110.11768624643392
18465_00037,119.14017672841169
18465_00039,105.75429127633471
18465_00040,111.764363328896
18465_00041,125.25439056515512
18465_00044,112.47613325477903
18465_00045,92.21840361698882
18465_00046,104.62035292476814
18465_00047,160.10686156747022
18465_00048,141.07843870909775
18465_00050,131.8374280668999
18465_00052,277.01301412911107
18465_00053,229.79490562049082
18465_00054,186.02900728406038
18465_00056,142.55583061346567
18465_00057,100.81548864050384
18465_00058,140.31527773753945
18465_00059,112.192583837186
18465_00070,128.01349668851896
18465_00078,101.61177404526155
18465_00079,113.48703461488134
18465_00080,112.06719545111785
18465_00081,106.19384483934
18465_00082,100.26333080781987
18465_00083,127.01186635785511
18465_00084,136.00825036622564
18465_00089,115.38953765192352
18465_00090,106.27206718664564
18465_00091,114.957852346051
18465_00092,105.18203720860639
18465_00106,102.59026699639011
18465_00109,120.15165251461775
18465_00110,125.42780232001256
18465_00111,111.04930663533693
18465_00112,93.03432662049488
18465_00113,110.72459660037492
18465_00114,113.33270776909714
18465_00115,109.3539904003137
18465_00116,111.96385699511185
18465_00117,106.0499284222305
18465_00119,82.40307781370574
18465_00125,122.2575906313169
18465_00126,87.20296304996918
18465_00127,106.73386467037054
18465_00128,98.78795870378961
18465_00132,123.43277347733797
18465_00133,105.11921401953609
18465_00136,106.52195453299683
18465_00140,104.29848949289332
18465_00141,113.87737206108902
18465_00142,108.73864087881559
18465_00145,99.37502035063933
18465_00146,79.08881918447547
18465_00148,127.4376916747357
18465_00152,87.44277111601814
18465_00154,124.55946848431068
18465_00155,111.24553677215467
18465_00156,109.54734768373778
18465_00157,117.64814327649232
18465_00159,94.00288631397565
18465_00161,119.36189975229239
18465_00168,121.0740545514609
18465_00175,145.9043694477554
18465_00177,123.6611962255697
18465_00199,106.64899995681202
18465_00203,103.17447603146125
18465_00204,107.59363639537585
18465_00205,94.70730456876763
18465_00206,93.93627427562718
18465_00207,108.93508971963733
18465_00209,82.99376727827125
18465_00213,127.07883913495904
18465_00219,99.0880536649325
18465_00226,112.54076986664533
18465_00227,117.08271350400818
18465_00228,110.88824275150441
18465_00229,115.45887977584711
18465_00230,116.79197893616848
18465_00233,116.71613833044688
18465_00234,132.85130193593
18465_00235,102.50287863673604
18465_00238,102.96616649471366
18465_00241,128.3056331693607
18465_00242,107.2857399856837
18465_00243,113.76413306192424
18465_00245,149.46101680859655
18465_00246,116.70623573392997
18465_00248,206.9841713451747
18465_00258,132.61797823037483
18465_00261,149.0055254503776
18465_00264,129.63354617619876
18465_00281,118.39590398880526
18465_00282,116.11105373741563
18465_00283,113.84042317616223
18465_00285,124.02381871921216
18465_00286,131.29530946372026
18465_00287,110.93079447083268
18465_00288,109.51913088065291
18465_00291,138.6962632834028
18465_00292,129.29442870325744
18465_00294,106.49589500075672
18465_00300,138.70886592147986
18465_00302,149.89734587950147
18465_00303,133.15219369034745
18465_00304,134.4578413351762
18465_00305,137.88601970241243
18465_00309,133.63584105551342
18465_00312,92.48944000901119
18465_00313,163.61853682072137
18465_00319,127.25991217001896
18465_00328,120.50466618040598
18465_00347,168.1564049092831
18465_00348,108.07864043419184
18465_00349,96.92189434368073
18470_3227_x19287_y16117,333.9479220724414
18470_3582_x22459_y29708,197.7633770165336
18470_4630_x23468_y24795,247.4649870968438
18864_00002,141.83304748752943
18864_00015,166.04966429958057
18864_00021,163.7965013625627
18864_00023,158.59136622212827
18864_00025,145.7074897884667
18864_00026,185.5427674820397
18864_00029,140.52276037145074
18864_00040,158.09542270829934
18864_00043,146.22777619859093
18864_00057,222.66841237783933
18864_00114,92.94553189731735
18864_00117,165.3065577887824
18864_00119,146.4333096407513
18864_00313,110.77384909610832
18864_1871_x3272_y21319,182.36190453901534
18864_1917_x3417_y12763,226.09022691546116
18864_2047_x3016_y12128,159.79539102811256
18864_2086_x2903_y21496,188.19361073489682
18864_2520_x2913_y22642,207.76745285805424
18864_3015_x3194_y23588,195.05773609762713
18864_3248_x2473_y15212,172.65121896860884
18864_3338_x3396_y21865,176.15877421649
18864_3473_x2641_y21082,189.67540688612073
18864_3488_x3691_y22599,196.5853973300732
18864_3494_x2380_y13749,150.66189648152087
18864_3772_x5344_y6871,109.76503534397011
18864_4067_x3464_y21495,179.10114664659991
18864_4120_x3320_y13563,204.05006992637328
18864_4157_x3358_y13741,186.64079694604064
18864_4267_x2794_y21031,166.31606243067358
18864_4380_x6371_y4940,81.52145030218314
18864_4420_x4377_y8261,173.7362195832564
18864_4429_x7945_y3080,141.8777430720887
18864_4554_x9386_y2232,164.32245754377834
18864_4693_x10912_y2095,142.3876909896614
18864_4760_x3070_y21249,190.33387043058232
18864_4797_x9453_y2359,160.3011660793882
18864_5030_x9347_y31359,121.42415957982294
18864_5099_x6368_y29941,148.00697933966987
18864_5242_x9483_y31549,161.55705758180667
18864_5305_x7877_y31450,143.3852437696835
18864_5444_x7352_y31475,133.03410769143034
18864_5637_x5637_y31619,118.4646109979185
18864_5648_x4839_y28849,154.79839497224486
18864_5692_x8806_y3272,118.43439476453563
18864_6057_x8520_y2391,154.61123655710975
18864_6074_x3503_y13192,165.1952788198979
18864_6104_x9372_y1806,169.29410569935132
18864_6139_x4843_y27122,117.50679398360003
18864_6291_x8873_y32149,144.17826502177473
18864_6321_x4387_y7047,141.07208191800288
18864_6384_x3409_y13059,165.72803418222148
18864_6581_x10729_y2199,132.0844666335315
18864_6733_x9057_y31875,145.97439495919085
18864_6734_x4899_y27447,164.9314315399614
18864_6805_x6340_y4681,175.33650194364205
18864_6821_x5144_y6844,160.32707252710432
18864_6956_x8154_y30811,167.03555244470178
18867_2903_x13633_y8787,446.1584348053461
18867_3383_x10177_y11497,315.4025168432495
18867_3469_x10058_y10954,318.9691477899105
18867_3525_x9958_y10743,292.0352313643202
18867_3758_x14594_y6944,380.32758084541837
18867_3801_x9223_y10977,298.04944828967206
18867_3807_x9130_y11820,327.21806270931665
18867_3832_x10338_y8748,288.8903015478859
18867_3855_x11412_y8044,329.15035358879186
18867_3926_x8710_y12751,368.0360580632864
18867_3973_x31634_y12362,263.39074253050734
18867_3994_x27846_y7437,355.7407062682954
18867_4052_x9852_y8712,304.23098096719224
18867_4156_x9348_y9148,282.05688294201025
18867_4202_x26848_y7080,297.29956819115233
18867_4216_x9933_y8365,157.6885613140505
18867_4218_x8269_y11914,360.95430956666985
18867_4259_x9977_y8313,148.09129235789217
18867_4296_x31171_y9797,350.23384927500337
18867_4302_x30805_y9233,295.4184795350454
18867_4330_x29413_y7746,319.73927950679365
18867_4336_x10280_y7972,215.96165780094702
18867_4392_x7633_y13301,268.82085582832804
18867_4397_x8352_y9768,303.4770788907975
18867_4421_x31775_y9812,271.91274232466753
18867_4457_x7592_y10554,234.70560628431303
18867_4473_x25161_y6054,403.4660981111939
18867_4513_x27588_y6824,433.65792609135417
18867_4533_x14227_y15937,388.020578423338
18867_4554_x26130_y14869,362.1549766263864
18867_4593_x26568_y15120,307.4607839508281
18867_4605_x30309_y8068,439.2852082629489
18867_4621_x24147_y14734,259.4968781903683
18867_4647_x12409_y6656,351.2836285845333
18867_4677_x24410_y14710,257.24728060526417
18867_4689_x11723_y7039,367.34547476608475
18867_4724_x12558_y16835,310.729621993418
18867_4768_x26326_y6150,397.0679552743675
18867_4776_x28359_y6621,378.81140723049657
18867_4789_x23709_y15765,263.5596888619446
18867_4801_x7068_y12938,189.53185515294902
18867_4817_x16327_y15739,252.51126305641043
18867_4824_x31628_y8902,283.40661820366375
18867_4826_x11914_y16564,224.07085726164
18867_4831_x27808_y6496,354.39231236840897
18867_4874_x16831_y16618,216.67575498765098
18867_4889_x28329_y6770,374.79300058830535
18867_4922_x30354_y7405,262.8877460591439
18867_4926_x25796_y14504,291.2843555797876
18867_4954_x9860_y7599,416.0118266903633
18867_4957_x30093_y7560,403.24079809624135
18867_4984_x30860_y8156,319.32833220017824
18867_5082_x26232_y14941,264.4296924434867
18867_5083_x14145_y15212,290.9877035895006
18867_5169_x12576_y5864,307.79317001331515
18867_5194_x29530_y6807,166.78827113115958
18867_5203_x10027_y7237,377.5009276530899
18867_5287_x32054_y8614,317.95977765883
18867_5319_x14289_y4114,171.56999992534648
18867_5408_x30554_y7318,332.44228509255055
18867_5486_x20836_y5690,228.6813082562457
18867_5640_x21236_y5683,230.48385417202977
18867_5654_x12080_y5724,353.37460488027574
18867_5665_x20882_y6561,185.91353094773802
18867_5867_x21009_y6208,202.5788271951612
18867_5894_x10157_y6463,332.8942491599907
18867_5942_x29015_y5711,333.370073636964
18867_6003_x18592_y6204,195.4957983252078
18867_6007_x18415_y4843,244.6005005701037
18867_6014_x17935_y4434,281.37411622191917
18867_6085_x20833_y6331,185.06670223896108
18867_6091_x30186_y6043,378.3321296209686
18867_6408_x9343_y6158,385.0747500167627
18867_6413_x20950_y6015,193.7350022082636
18867_6452_x16339_y18318,289.00525735464134
18867_6468_x21532_y7741,178.9638331351058
18867_6985_x12525_y4095,195.14543807963844
18867_6986_x31479_y5932,160.28935752341957
18867_7123_x11808_y5131,156.2308428489914
18867_7172_x22280_y4802,178.37257093506346
18867_7390_x9887_y4961,154.268193313845
18867_7541_x13210_y4462,153.8697446172259
18867_7583_x22567_y18119,96.71407267848576
18867_7584_x10560_y5816,249.5463578235
18867_7790_x21511_y18480,144.85557004236878
18867_7924_x22262_y16755,487.13066583006145
18867_8235_x25208_y14610,369.0441448457189
18868_2225_x15897_y10006,219.88661621010993
18868_2559_x15436_y13207,294.08856897863046
18868_2584_x14386_y13639,334.04908083785114
18868_2593_x15801_y13755,261.649509910192
18868_2601_x23273_y17306,132.17146464083325
18868_2621_x11765_y8944,370.81712685072966
18868_2924_x10668_y9719,264.624230867531
18868_3009_x28076_y11485,301.9481392740631
18868_3112_x27714_y10534,270.1144554396618
18868_3207_x27726_y9448,320.53818468298766
18868_3228_x28576_y10788,294.473162661102
18868_3389_x28317_y9872,315.51779109013705
18868_3419_x27168_y8481,330.57571726567147
18868_3453_x28753_y10380,302.7962559747817
18868_3488_x24952_y7321,372.3643449271509
18868_3507_x7704_y10476,322.5782133854088
18868_3547_x28065_y9077,308.16086561721505
18868_3552_x28542_y9340,320.54357469165245
18868_3564_x27379_y8431,344.01887433111494
18868_3592_x9776_y8113,375.8944991484256
18868_3626_x29809_y12585,302.46107729272416
18868_3627_x28035_y8749,332.2024183397395
18868_3658_x9598_y8113,347.7932529906675
18868_3699_x17279_y16010,318.2099566512664
18868_3715_x8453_y8977,384.1162573372553
18868_3781_x6715_y11703,281.92141468813327
18868_3783_x28846_y9268,362.3008961415603
18868_3799_x26336_y7466,341.4442735912414
18868_3799_x6462_y13405,317.78022282028076
18868_3853_x29683_y10294,336.66893570137944
18868_3856_x26025_y7205,309.7682578496088
18868_3871_x26350_y7564,391.12461927152486
18868_3875_x8707_y8341,341.64309048353346
18868_3922_x26631_y7518,341.9851377403806
18868_3931_x26823_y7496,340.2616500531945
18868_3932_x25373_y7132,402.51564860501674
18868_3977_x25824_y7160,323.21725487056983
18868_3981_x30626_y12403,332.6260639808293
18868_4041_x10632_y7193,343.25439610825225
18868_4047_x27203_y7787,369.1597718665967
18868_4132_x11881_y6094,330.41461037644075
18868_4192_x10967_y7007,381.4875101189447
18868_4221_x5685_y12199,305.5036160079368
18868_4317_x23980_y6346,276.1206990878098
18868_4341_x30419_y10114,367.8264860791285
18868_4430_x9829_y7185,368.42336968790136
18868_4434_x10947_y6887,376.5772504348158
18868_4464_x5477_y11004,316.57119897842654
18868_4517_x31548_y11591,326.65683910743826
18868_4523_x15124_y15767,138.242400195615
18868_4549_x5910_y9879,314.8780718661492
18868_4634_x13823_y16687,207.69696581045898
18868_4648_x14941_y16268,170.2683116893632
18868_4693_x13797_y16937,264.9742231818128
18868_4706_x15828_y16760,232.93170911260384
18868_4739_x28536_y7468,432.42515627863236
18868_4757_x15158_y16995,282.65688835573127
18868_4803_x7002_y8311,421.2278241781859
18868_4818_x14513_y17030,165.0487830892377
18868_4863_x31402_y10126,310.49706170198994
18868_4883_x27078_y6285,293.19342900118244
18868_5131_x7596_y7239,336.0747164934038
18868_5141_x8535_y6876,337.82943192166607
18868_5156_x9540_y6495,351.58973283787486
18868_5242_x9858_y5968,330.9716445081385
18868_5369_x19532_y5532,183.29872518037243
18868_5397_x19819_y6085,176.21215596083272
18868_5456_x7773_y6771,332.1495279548727
18868_5531_x7356_y7030,298.1138626588576
18868_5686_x9887_y5415,301.8770618212834
18868_5701_x9538_y5736,317.85476909962546
18868_5723_x7031_y7203,332.0144264554798
18868_5724_x8616_y5999,316.5896514717783
18868_5965_x17541_y6435,182.9088232942029
18868_5983_x17523_y5085,189.76958252190346
18868_6000_x19811_y5444,196.31180292016163
18868_6019_x9541_y5296,291.90506163277996
18868_6196_x17668_y4955,195.19103263078495
18868_6405_x11428_y4397,264.29675958061233
18868_6757_x10353_y4324,169.71828713456782
18868_7311_x22238_y17329,141.80117623848312
18869_00020,62.824934688680834
18869_00024,316.30317473367467
18869_00025,228.11830343746783
18869_00028,221.79540002028807
18869_3064_x20999_y7621,301.421664926403
18869_3239_x6605_y6691,296.24796840133024
18869_3263_x6927_y6229,339.1663434349757
18869_3305_x6812_y6104,293.6646309628271
18869_3321_x21485_y7678,285.0174716236796
18869_3395_x6415_y6741,279.50729220292044
18869_3398_x6248_y7047,262.49508852992994
18869_3480_x6168_y6983,276.6275796785533
18869_3482_x7077_y5660,311.3412046734961
18869_3504_x6554_y5961,307.4538099481659
18869_3506_x6250_y6810,292.88014814096005
18869_3547_x21769_y7449,337.19958529253773
18869_3590_x6132_y6798,265.6019257336762
18869_3634_x20027_y5437,405.25888503552346
18869_3634_x5750_y7170,255.69356951998714
18869_3659_x21701_y7032,325.55734057293415
18869_3701_x5589_y7633,265.3530250760806
18869_3701_x7703_y4993,275.4291203077307
18869_3741_x6284_y6163,295.51935215591266
18869_3751_x5868_y6832,318.6855864963483
18869_3761_x5335_y8118,247.30541207217334
18869_3857_x22137_y7268,292.6554779627961
18869_3937_x5000_y8198,229.26945750943176
18869_4001_x4383_y7249,157.55006915753106
18869_4026_x21667_y6102,365.82093265942785
18869_4036_x8032_y4635,329.73597444396705
18869_4050_x21764_y6239,345.4739988521047
18869_4054_x19963_y5080,383.1395497300171
18869_4089_x6848_y5110,230.6349517972038
18869_4091_x4807_y8065,248.31516748615056
18869_4181_x21056_y5611,412.8514641875817
18869_4184_x11041_y4195,221.67551380875494
18869_4196_x21043_y5510,375.0810987897156
18869_4253_x4991_y7023,263.7577884711469
18869_4268_x10899_y9077,175.6272306308819
18869_4275_x8819_y9368,330.41831159794083
18869_4282_x22276_y6457,347.1885888308363
18869_4301_x16815_y4413,242.1999045232249
18869_4301_x20547_y5218,357.3423694564287
18869_4302_x23433_y9053,262.73830714601735
18869_4345_x7097_y4738,377.09503472663994
18869_4347_x8166_y4281,342.7210118803811
18869_4371_x21382_y5522,410.8760249668298
18869_4384_x15799_y10704,198.9868661217784
18869_4410_x8772_y3996,346.269087097595
18869_4414_x15653_y4273,180.74566060875975
18869_4419_x16667_y10498,226.8190105712647
18869_4426_x7611_y4421,340.1476359629232
18869_4453_x9586_y8809,323.86846300684863
18869_4457_x17404_y9449,301.87480400390314
18869_4468_x23035_y7089,333.5658258482472
18869_4469_x21852_y5924,572.7670407616732
18869_4511_x11720_y4070,272.9889423488324
18869_4520_x23555_y8194,247.08017819067723
18869_4550_x17965_y4177,198.44899129992584
18869_4550_x7203_y4574,346.64753175324563
18869_4571_x10055_y8359,233.69590814152744
18869_4587_x23021_y6827,368.4081580914299
18869_4599_x7153_y3640,233.10487187924736
18869_4625_x5853_y5391,305.1755875782315
18869_4629_x8451_y4031,215.0672245560403
18869_4662_x10221_y8547,250.51794782948278
18869_4693_x19236_y9148,211.57663769226292
18869_4722_x18329_y4110,208.87101395772547
18869_4727_x9851_y8415,219.7244342072213
18869_4764_x5211_y5995,319.9994307104219
18869_4786_x18238_y10268,320.3137833945912
18869_4787_x8961_y9647,307.31531585768914
18869_4837_x18229_y3163,200.02944027738818
18869_4841_x18666_y8144,234.2360277666205
18869_4848_x18620_y8132,224.80216244573845
18869_4883_x18883_y4120,173.08242654028615
18869_4890_x8926_y9583,179.10968864364273
18869_4912_x19648_y8510,267.96918086376326
18869_4953_x22613_y6076,382.12848651757275
18869_4997_x13063_y4444,210.72512653107432
18869_5019_x5442_y5910,224.41859876858905
18869_5024_x5544_y5480,356.52191422030006
18869_5033_x23046_y6158,314.10583589921185
18869_5108_x7688_y4065,337.05379804193615
18869_5123_x17555_y3609,164.84994026829426
18869_5126_x8617_y7685,311.0028812992284
18869_5150_x8933_y7652,260.18934516376703
18869_5213_x7186_y4274,349.67110085787795
18869_5237_x7485_y4162,405.24768001077405
18869_5286_x15761_y3297,184.31782709543575
18869_5317_x6063_y4638,226.12151276479597
18869_5343_x5414_y5337,339.01806644818254
18869_5393_x8284_y3671,376.1470221144921
18869_5418_x23277_y4971,210.36419663451642
18869_5431_x21494_y4633,220.25811996944995
18869_5444_x13271_y3998,214.41244107816624
18869_5482_x15126_y4142,239.9291271572962
18869_5553_x7275_y3994,388.044875662692
18869_5571_x8792_y4549,185.45408833592717
18869_5684_x13521_y3699,253.04443685280495
18869_5692_x6534_y3440,229.61392654262545
18869_5694_x15073_y4098,225.6168794304755
18869_5705_x4706_y6107,234.26900480911502
18869_5754_x7159_y3959,397.285904868896
18869_5802_x13547_y4406,207.9294819715872
18869_5941_x16325_y2938,204.80887843504073
18869_5980_x7654_y3517,308.4195329636419
18869_6076_x17177_y3306,189.64404498176566
18869_6241_x19347_y3562,185.54576436149136
18869_6291_x15236_y3478,210.9516841142503
18869_6454_x17703_y2478,160.05980544257307
18869_6732_x9649_y3919,245.68435200133436
18869_6854_x10735_y2978,199.00116848375566
18869_7121_x17742_y2862,172.80513486109058
18869_7358_x8916_y4859,166.46655658976096
18869_7472_x16444_y11009,436.7975870002305
18869_7986_x18907_y11037,75.27853681342691
18869_7989_x9123_y9916,87.3493237175245
191801_1996_x10466_y16907,198.00073847006954
191801_3966_x14363_y10542,125.24458879757832
191801_4180_x7440_y5386,149.30076635417723
191801_4228_x15043_y11097,156.35662155923276
191801_4724_x4226_y10240,141.8584037391579
191803_8254_x7045_y21580,133.30449135724672
191807_2469_x5431_y10056,304.9357179306453
191807_2729_x3750_y9965,303.0833559484083
191807_3532_x4912_y7973,276.7769855341238
191807_4114_x3589_y10280,302.0862232041436
191807_4821_x3698_y18726,296.00132046350393
191807_4923_x7499_y24194,193.55178166614542
191807_5031_x5620_y23074,151.76345354542826
191807_5062_x6404_y23808,172.1425229277229
191807_5178_x5002_y23078,345.59021729787975
191807_5199_x3288_y11643,288.8678158466639
191807_5629_x4661_y9410,201.1117303147304
191807_5811_x3931_y20674,149.27242302094575
191807_5921_x4355_y21421,191.7667772877871
191812_2734_x6259_y10487,195.20156364487082
191812_2978_x7903_y22705,149.8178949432284
191812_3140_x5204_y12992,203.21508765417633
191812_3163_x6264_y21524,228.3274284304544
191812_3176_x5144_y19229,135.24008887773763
191812_3438_x6058_y10197,204.88483208798257
191812_3494_x7001_y8336,189.65534569734976
191812_3675_x8625_y6930,121.52377889018233
191812_3727_x4996_y18685,188.93518886382122
191812_3758_x8791_y24162,222.50260166587682
191812_3762_x9097_y24261,220.8130888572618
191812_3801_x5383_y20989,212.7959812064709
191812_3915_x8011_y24180,267.1380958042566
191812_3922_x8455_y6768,203.8941014027397
191812_4003_x5886_y22658,115.18807856251432
191812_4067_x7961_y6860,199.1122202034539
191812_4322_x7645_y6848,224.85477645969942
191812_4445_x5426_y10324,204.73534509424212
191812_4446_x6677_y24393,193.06764161577945
191812_4664_x8027_y25176,205.15161114381664
191812_4686_x10891_y5452,212.64206797690252
191812_4775_x5212_y22490,237.02303771861548
191812_5154_x9610_y25921,236.14888194812346
191812_5158_x9017_y25877,230.38714509613115
191812_5219_x4127_y21100,168.0227745673722
191812_5221_x9028_y25900,248.77198963255864
191812_5411_x6011_y24641,186.6024520916008
191812_5586_x4875_y23378,217.25325273004265
191812_5676_x8072_y26215,190.55837494939234
191812_5922_x4572_y8645,182.51626833791465
191812_6084_x5026_y7787,183.4889806025844
191812_6351_x5009_y7424,166.9044369966354
210254_2226_x16029_y23953,187.61790351642657
210254_2309_x13266_y25533,209.33297906375324
210254_2627_x17126_y20600,244.077680730867
210254_3271_x15413_y13333,163.81571257284244
210254_4021_x16401_y21556,236.42292186440682
210254_4149_x16164_y21238,232.02841597443026
210254_4397_x16794_y21812,250.3680448031695
210254_4485_x16442_y16836,177.1575401595968
210254_4500_x16614_y17147,164.74599064525026
236174_2657_x11930_y12250,131.3870185216166
236174_2669_x10674_y13239,130.01125746540228
236174_2801_x11376_y11451,153.9998871885988
236174_3001_x12887_y24248,159.41605829874743
236174_3029_x12820_y24699,128.5994090448899
236174_3215_x11999_y11133,139.88387168777282
236174_3229_x11884_y10380,130.20742093368784
236174_3229_x11951_y11316,107.29273265104891
236174_3229_x12413_y11831,164.1556437169173
236174_3329_x13938_y26099,125.85401565659538
236174_3429_x12632_y10625,99.36708163572727
236174_3447_x12562_y10626,114.29974298038937
236174_3529_x12805_y10541,99.12284286908462
236174_3529_x13394_y26567,143.17968962450465
236174_3529_x13688_y26111,149.38089409097276
236174_3536_x15159_y25525,151.73468269739692
236174_3729_x12692_y9419,113.90773388494361
236174_3729_x13645_y9551,104.70248765142306
236174_3729_x15151_y26698,108.51096950963384
236174_3829_x13590_y9284,98.33354150822254
236174_3829_x14826_y27255,135.57584151884043
236174_3829_x16301_y26647,79.35531911934996
236174_3893_x17507_y26071,145.10092214306331
236174_3929_x12721_y8845,112.12031953799325
236174_3929_x13599_y9165,99.81111619293593
236174_3970_x13439_y8678,111.89347005195458
236174_4029_x13079_y8858,102.60178957534022
236174_4129_x16214_y10304,211.79566702530434
236174_4229_x13663_y8589,96.55745725707013
236174_4266_x13848_y8550,90.92458757008116
236174_4429_x13147_y8003,130.78054364110804
236174_4647_x16405_y27845,120.91295515276994
236174_4729_x16869_y27809,97.7573306587868
236174_5138_x16501_y28259,101.68351419814452
236174_5338_x13590_y7348,121.71301597021369
236174_5670_x14073_y29439,119.43454803277452
236174_5738_x11712_y6818,134.2715251506613
236174_5840_x15240_y29741,126.26212504485608
236174_6338_x12092_y5845,127.7180335023541
236174_6338_x12496_y6617,133.3717035382012
236174_6438_x12218_y5897,134.96386560287166
236174_6855_x15550_y29832,175.98511672614438
236174_7077_x14579_y30892,111.5440450340533
AA0001,335.0096108919265
AA0002,228.52423167099644
AA0003,169.75449190649408
AA0004,213.78138256383136
AA0005,179.10113606656205
AA0006,173.23513153328412
AA0007,148.80715773564737
AA0008,184.25251643147018
AA0009,170.92059168454276
AA0010,304.8693223324339
AA0011,320.5163261371291
AA0012,304.14207285104436
AA0013,161.35012011771877
AA0014,169.61009100020829
AA0015,132.66610376379677
AA0016,111.55507003247891
AA0017,177.0530189773045
AA0018,117.69323284679926
AA0019,108.55924282270408
AA0020,195.08394220460573
AA0021,160.53909026254516
AA0022,192.5792627555634
AA0023,62.535705098376944
AA0024,154.0364617497028
AA0025,196.75721965933207
AA0026,138.60599073093144
AA0027,254.70635233594498
AA0028,193.75902035570144
AA0029,90.41240213370652
AA0030,168.9557788779239
AA0031,213.27181417223102
AA0032,141.1261298861674
AA0033,138.95191328491126
AA0034,227.5441238901337
AA0035,169.4353344793886
AA0036,361.1425368829822
AA0037,394.5544646818941
AA0038,168.72571424716438
AA0039,247.63701078156933
AA0040,307.4102796549399
AA0041,132.27790007510401
AA0042,201.90902865882435
AA0043,203.35667540327924
AA0044,221.89857839347164
AA0045,205.5696322690983
AA0046,152.79007712171202
AA0047,92.46061752788417
AA0048,128.85439686126807
AA0049,131.79589430825968
AA0050,147.97029992970005
AA0051,177.07304070964253
AA0052,199.62547445038538
AA0053,164.27335468908493
AA0054,142.2865951889082
AA0055,132.94640035300236
AA0056,275.66952712254334
AA0057,234.93215184967337
AA0058,220.77859677039044
AA0059,218.9941705353961
AA0060,195.49603337909534
AA0061,207.4906014608742
AA0062,190.53309014751835
AA0063,209.04079857083096
AA0064,180.84053624353172
AA0065,141.44513835616257
AA0066,224.9281398338935
AA0067,159.30437056571995
AA0068,144.82706286265093
AA0069,129.98413170706948
AA0070,148.31734895003882
AA0071,272.0693584827522
AA0072,152.89460098693547
AA0073,185.63153479389106
AA0074,146.3317087413796
AA0075,153.03781225988484
AA0076,132.471559327138
AA0077,303.8049486021144
AA0078,190.00404852539606
AA0079,376.2767392287379
AA0080,366.83451548699446
AA0081,314.86479588524276
AA0082,336.01653382199305
AA0083,165.70856531456846
AA0084,296.1805638169653
AA0085,222.72082384979376
AA0086,322.9767140904562
AA0087,333.02612096422246
AA0088,200.75944728285748
AA0089,141.48911320362467
AA0090,368.31123520859273
AA0091,231.16384220820245
AA0092,257.71834678844976
AA0093,260.0627938326983
AA0094,153.5607395475728
AA0095,146.32590901152096
AA0096,180.47299487469385
AA0097,195.559064798285
AA0098,224.32748500860762
AA0099,175.06535249617718
AA0100,269.9199014433931
AA0101,213.5452286051025
AA0102,167.50597144924376
AA0103,179.77390164468045
AA0104,196.0412916303054
AA0105,246.03327356545918
AA0106,156.29340271349787
AA0107,179.1167849888881
AA0108,199.75063273574716
AA0109,286.39523486296684
AA0110,290.0688579667272
AA0111,193.93775163831313
AA0112,185.02410513717663
AA0113,238.73230817791145
AA0116,120.66747637790209
AA0117,135.52551098901822
AA0118,140.0273732381821
AA0119,149.86277072218124
AA0120,225.8247783027786
AA0121,268.87494410552455
AA0122,267.0646869894061
AA0123,228.8564128491318
AA0124,286.0300805521725
AA0125,292.36179147887555
AA0126,279.460099911501
AA0127,154.3118241946531
AA0128,424.35925304605564
AA0129,138.57851133390392
AA0130,183.89134839429877
AA0131,293.8348114713627
AA0132,211.24556315344483
AA0133,293.46619186454626
AA0134,279.4301664200847
AA0135,251.23746968076654
AA0136,314.1811659632138
AA0137,217.4585761879049
AA0138,214.6094089458089
AA0139,322.0033504614098
AA0140,283.29798612075587
AA0141,302.05606468293644
AA0142,292.3587749647101
AA0143,232.00966601032525
AA0144,199.8669898263708
AA0145,231.76368916117033
AA0146,254.91097306088594
AA0147,180.28612584209785
AA0148,247.00062863740322
AA0149,238.8625293221498
AA0150,248.05138391280684
AA0151,259.3979677506647
AA0152,405.0441870420493
AA0153,304.59683267762415
AA0154,207.74045076197137
AA0155,208.13225559209417
AA0156,221.214156085673
AA0157,164.2800691772706
AA0158,258.01758286514905
AA0159,233.14618221629493
AA0160,203.9899871672764
AA0161,227.19768710734022
AA0162,193.79285876942922
AA0163,304.46881172478066
AA0164,398.5105984363679
AA0165,212.42504916664342
AA0166,280.419845923131
AA0167,338.3147900753058
AA0168,149.5670685659574
AA0169,152.70741998789907
AA0170,177.2596329944356
AA0171,175.25054185365275
AA0172,404.8634880322446
AA0173,154.39480895746175
AA0174,369.41133595373685
AA0175,386.7938867529974
AA0176,207.24988989666272
AA0177,224.59875165119695
AA0178,158.946932462818
AA0179,199.6052638722628
AA0180,321.5962332164922
AA0181,191.97449074016052
AA0182,172.43164723351475
AA0183,169.54329173354137
AA0184,220.83969816927055
AA0185,146.01384963236092
AA0186,155.81695029455753
AA0187,197.5137836009031
AA0188,141.57971663799552
AA0189,171.1016866935658
AA0190,189.46658766356416
AA0191,185.62924622300474
AA0192,164.8143889140021
AA0193,199.25519197049846
AA0194,213.002416989188
AA0195,237.51669305976492
AA0196,222.99227044456262
AA0197,238.44584654510066
AA0198,256.72982295176104
AA0199,243.20571738453293
AA0200,175.41214739495598
AA0201,121.43815413083438
AA0202,258.90760469606363
AA0203,126.89715680000997
AA0204,420.3326961157423
AA0205,328.4741279010471
AA0206,377.0273816589904
AA0207,420.7767470837648
AA0208,226.09259026242583
AA0209,479.57177944117103
AA0210,370.36990247022254
AA0211,301.36799677056285
AA0212,294.08894166047236
AA0213,377.06967826907135
AA0214,236.00866507076864
AA0215,374.3054216646622
AA0216,429.45556848474126
AA0217,324.9231077389779
AA0218,337.6250368141507
AA0219,386.59706846419056
AA0220,319.898522011804
AA0221,502.88193291679306
AA0222,303.24432999731613
AA0223,222.0310873133735
AA0224,233.86343770071795
AA0225,181.91715820459163
AA0226,334.9244502389755
AA0227,235.46046400639628
AA0228,255.4823589776852
AA0229,236.4459330471791
AA0230,278.5441332524677
AA0231,218.7303767473304
AA0232,170.98893054483239
AA0233,183.3603622500934
AA0234,406.9366572765344
AA0235,225.5614747361817
AA0236,215.85551135530582
AA0237,168.25668895834266
AA0238,170.92613205453375
AA0239,184.5659372772679
AA0240,168.59353341859796
AA0241,178.24680444814263
AA0242,247.24301585878655
AA0243,177.12916259845966
AA0244,139.92121733538377
AA0245,269.76530570552546
AA0246,238.75753387347015
AA0247,272.98082607915313
AA0248,231.07914772160203
AA0249,133.8032189233965
AA0250,329.87782735500804
AA0251,173.80572476815695
AA0252,326.78472160944057
AA0253,325.83276007004037
AA0254,189.71499713100852
AA0255,137.1873888461193
AA0256,145.27011982327295
AA0257,247.32610221519948
AA0258,104.95421808265434
AA0259,334.67655514132747
AA0260,198.70460635488382
AA0261,201.14026124639156
AA0262,191.86309970115352
AA0263,214.40950829131728
AA0264,246.0272843961252
AA0265,238.89119427717014
AA0266,270.89660082465844
AA0267,219.4203270166671
AA0268,227.81358189391847
AA0269,213.43420232516726
AA0270,214.83600385112084
AA0271,191.2399184726971
AA0272,179.5867606740447
AA0273,298.58381003906135
AA0274,184.79795334593481
AA0275,142.67330860332578
AA0276,165.0166819935558
AA0277,173.80304746516777
AA0278,135.40192361160908
AA0279,163.27525751754416
AA0280,269.8052096450068
AA0281,259.1819871466214
AA0282,276.8326664042718
AA0283,271.90236391246486
AA0284,176.7165854368617
AA0285,204.3125838470718
AA0286,303.20247290195204
AA0287,251.8136450202439
AA0288,174.57277762903163
AA0289,219.21186670787066
AA0290,156.43241992880928
AA0291,176.37909222279427
AA0292,200.78585233876117
AA0293,107.65799318657399
AA0294,150.94166367181344
AA0295,172.7430532440504
AA0296,163.77524263292494
AA0297,86.5992710869005
AA0298,150.59256380232168
AA0299,76.09009670449508
AA0300,133.68044047544672
AA0301,151.60210982222333
AA0302,39.48310479783073
AA0303,277.2648588188019
AA0304,241.86034001545926
AA0305,167.25606297921257
AA0306,207.44960524774731
AA0307,273.5033400531804
AA0308,294.2362930124264
AA0309,238.639435448036
AA0310,132.6658047263753
AA0311,101.66902761361837
AA0312,108.01642415277472
AA0313,119.36042474872228
AA0314,147.34282587706932
AA0315,115.44064482196704
AA0316,110.11458867855595
AA0317,159.66577314569884
AA0318,109.99528851612548
AA0319,258.1705805280604
AA0320,186.08237170664566
AA0321,126.42199167427063
AA0322,177.2705597419148
AA0323,183.6677502623988
AA0324,179.17803191078056
AA0325,211.0937935451101
AA0326,210.97590997905718
AA0327,150.07377290420163
AA0328,125.7009795059656
AA0329,141.81271344847104
AA0330,285.45309058469695
AA0331,130.68406772451
AA0332,191.1916902543176
AA0333,200.961091947987
AA0334,105.90699638922601
AA0335,104.23711799635358
AA0336,187.6999049662828
AA0337,117.09146821125583
AA0338,151.89768276954837
AA0339,135.27215266687423
AA0340,150.44704396647117
AA0341,193.4688292422517
AA0342,127.21365915631607
AA0343,152.77108787867948
AA0344,120.64997077006265
AA0345,140.86679796198771
AA0346,138.0006947619856
AA0347,133.5645997666317
AA0348,131.2616784887006
AA0349,128.65179924470203
AA0350,140.248641480042
AA0351,133.0558962758766
AA0352,134.57029927869934
AA0353,149.26842467902526
AA0354,102.98466512705312
AA0355,103.75555739286838
AA0356,117.1947460101558
AA0357,154.81890982633158
AA0358,147.93970504761484
AA0359,204.13905152849088
AA0360,194.85330830263229
AA0361,215.84679322035
AA0362,182.03008741562644
AA0363,148.59950736472993
AA0364,106.03316936044337
AA0365,129.9325786687792
AA0366,149.10187313678225
AA0367,163.90715286191735
AA0368,155.31530232369525
AA0369,154.54562919282606
AA0370,129.8327842629975
AA0371,138.2849021137566
AA0372,94.57698767738798
AA0373,154.67167755214004
AA0374,141.47850151662502
AA0375,243.27029315125958
AA0376,144.57228037759575
AA0377,117.17556447523565
AA0378,149.70034576948586
AA0379,147.83626943089905
AA0380,261.81826894798667
AA0381,166.92578318278183
AA0382,151.90662217591134
AA0383,285.16813518887994
AA0384,128.14971707827365
AA0385,165.8450068037852
AA0386,161.12249531165065
AA0387,188.88222194738645
AA0388,237.09550191656305
AA0389,208.21663218189087
AA0390,164.4798135971231
AA0391,168.563059785785
AA0392,118.97206255926474
AA0393,170.11908995146723
AA0394,148.71423060711484
AA0395,165.52768743461291
AA0396,177.3995583179043
AA0397,173.76166171258427
AA0398,155.4691465258726
AA0399,290.3462643656272
AA0400,180.55696905417523
AA0401,207.9751359749176
AA0402,111.58195903814047
AA0403,190.57997876657714
AA0404,239.83063888877348
AA0405,303.6232322113162
AA0406,171.45076111930314
AA0407,152.70143704290965
AA0408,186.52031866185732
AA0409,202.90631690719164
AA0410,205.5633474958775
AA0412,177.42897571437004
AA0413,140.01279935604833
AA0414,193.93246944666518
AA0415,240.42900604171365
AA0416,167.34526935360654
AA0417,179.9025956744444
AA0418,161.25437240075308
AA0419,161.53300708469095
AA0420,279.5907200478022
AA0421,160.96058368790355
AA0422,151.66466502247516
AA0423,300.6600283953912
AA0424,159.38179360778304
AA0425,178.2451411772458
AA0426,175.91038024486275
AA0427,224.21175418306817
AA0428,313.20234335879337
AA0429,346.8786533117162
AA0430,346.0924162610533
AA0431,240.15793118706196
AA0432,294.55283840352564
AA0433,350.5272054255556
AA0434,519.9850615460501
AA0435,334.0031251245045
AA0436,294.7618683935161
AA0437,416.8895080078267
AA0438,487.1190503581475
AA0439,171.7877315966691
AA0440,191.39179755814314
AA0441,168.4413730892842
AA0442,188.90559215395984
AA0443,271.9472996538504
AA0444,211.03592790263522
AA0445,191.24858072419698
AA0446,147.84490182106651
AA0447,223.22352027489592
AA0448,198.38905251349436
AA0449,382.65431984505705
AA0450,149.2413306167883
AA0451,124.45481106227831
AA0452,189.3313412430955
AA0453,152.08983849248662
AA0454,134.223927473631
AA0455,275.4884824940778
AA0456,231.19458246640397
AA0457,141.03583794657504
AA0458,142.18023702933124
AA0459,348.9222372776993
AA0460,150.13503628609206
AA0461,184.53040356720905
AA0462,160.53716164568408
AA0463,140.08432248594696
AA0464,272.5103356128531
AA0465,175.6631457777571
AA0466,144.55020031366266
AA0467,135.09254989232437
AA0468,134.59558287645268
AA0469,72.91754619439328
AA0470,91.05357362118514
AA0471,115.75277984366753
AA0473,176.7555418955964
AA0474,133.22405268746473
AA0475,114.23016448212809
AA0476,193.65011979326144
AA0477,147.35945512260517
AA0478,200.54475319000255
AA0479,266.48109237796734
AA0480,155.4809989784015
AA0481,164.0765362282622
AA0482,149.80405816154223
AA0483,177.760966202523
AA0484,214.64417106178112
AA0485,128.31078031506138
AA0486,347.6669542454552
AA0487,210.1413434290462
AA0488,259.9003298901327
AA0489,180.85267763457102
AA0490,231.3230624904599
AA0491,202.55733504201797
AA0492,274.7195860310432
AA0493,194.9008067642698
AA0494,165.2295811676796
AA0495,241.05020854705572
AA0496,201.90133268516496
AA0497,164.14534935117712
AA0498,179.52978956924446
AA0499,272.72693242707095
AA0500,194.21366346473374
AA0501,243.13057394000265
AA0502,498.0300654393515
AA0503,468.77318101377926
AA0504,444.7819324443565
AA0505,310.8523033509081
AA0506,345.8371955860961
AA0507,343.44981949730254
AA0508,403.58669325261945
AA0509,373.677261296811
AA0510,452.3206115070734
AA0511,189.67263688840148
AA0512,438.72220953366815
AA0513,326.2175945687593
AA0514,420.11635953716114
AA0515,439.9781783288929
AA0516,233.7645492506141
AA0517,344.5786299940763
AA0518,115.81376274203635
AA0519,104.84540101992422
AA0520,217.38979386134517
AA0521,274.61161392094493
AA0522,211.98680642518056
AA0523,175.68896620795866
AA0524,166.16888986312455
AA0525,282.31387009900857
AA0526,132.49734714463327
AA0527,178.45018550358893
AA0528,165.86980876734268
AA0529,132.11592343679067
AA0530,109.2937266006145
AA0531,173.99304107571194
AA0532,241.1310650768256
AA0533,158.25547152756386
AA0534,178.36914363423844
AA0535,196.35467372121536
AA0536,133.68594418917536
AA0537,299.16721020309797
AA0538,264.7071301953482
AA0539,211.52948107049966
AA0540,202.16415972220534
AA0541,332.1191241885435
AA0542,268.0440529635338
AA0543,163.14874794220577
AA0544,296.1438374282624
AA0545,135.99994861318558
AA0546,307.271998991372
AA0547,130.49446964069455
AA0548,227.8320235962454
AA0549,154.9194653657642
AA0550,136.27773594124315
AA0551,190.29107716137224
AA0552,147.10149332963712
AA0553,153.7881917857052
AA0554,316.6088083228916
AA0555,281.13641939707134
AA0556,297.740486871821
AA0557,231.05060828744564
AA0558,306.51576510226397
AA0559,220.3189776743736
AA0560,196.91740288519
AA0561,210.783873163568
AA0562,187.37417106215375
AA0563,293.8804014668982
AA0564,200.34074913880227
AA0565,206.64317153991925
AA0566,309.3952223709238
AA0567,212.1848616389049
AA0568,207.0166715494114
AA0569,299.7676906755478
AA0570,158.40916657212802
AA0571,242.95773557475584
AA0572,196.78467451129885
AA0573,276.862122816431
AA0574,248.7438293076823
AA0575,176.8984122855124
AA0577,90.94124950307433
AA0578,137.00239378730996
AA0579,149.21607918090007
AA0580,93.01151987704473
AA0581,118.13325019385273
AA0582,162.0381107078724
AA0583,226.28698292340815
AA0584,229.58296258021005
AA0586,88.81800178474062
AA0587,123.78557900688244
AA0588,238.55080504482
AA0590,145.16797106601877
AA0591,110.71529790587246
AA0592,148.60509197820966
AA0593,102.69711070655592
AA0594,117.13699419796117
AA0595,139.09401164739043
AA0596,106.77807632479008
AA0597,147.07886824801795
AA0598,99.71009896288746
AA0599,140.32183580475657
AA0600,145.06243591187334
AA0601,120.36452198352853
AA0602,193.42350405466445
AA0603,140.16476637262875
AA0604,156.5863910054273
AA0605,129.93451446075076
AA0606,402.59994876259157
AA0607,335.1971580984865
AA0608,419.0964336357616
AA0609,341.94554576711016
AA0610,199.19778271167326
AA0611,227.77767776972473
AA0612,100.49925281520346
AA0613,199.54212468010456
AA0614,227.60157202562823
AA0615,255.46644848252808
AA0616,271.0175825364894
AA0617,160.45122159437352
AA0618,85.55686711879184
AA0619,180.7439073809838
AA0620,190.9707221362847
AA0621,294.5792426063962
AA0622,138.76880185988114
AA0623,171.2598533661459
AA0624,70.4860731778896
AA0625,156.18517069305045
AA0626,158.2032831653433
AA0627,120.32454829725548
AA0628,187.66123914745373
AA0629,139.50160598321187
AA0630,187.86675604224874
AA0631,270.2815781949241
AA0632,146.43618308462737
AA0633,169.61505927030913
AA0634,156.54919941617678
AA0635,109.67822709115092
AA0636,108.967898744766
AA0637,136.0127446438382
AA0638,183.34045244666024
AA0640,129.26441823778217
AA0641,171.91802291067884
AA0642,146.72620159030842
AA0643,225.48217226549122
AA0644,194.01992888761447
AA0645,142.69164553295576
AA0646,173.46626177787104
AA0647,130.74424018081
AA0648,167.47243438557624
AA0649,173.83030636549825
AA0650,139.79585123126864
AA0651,130.36169675967062
AA0652,194.19296649705288
AA0653,120.7643245384766
AA0654,190.39734283007977
AA0655,147.16734111831366
AA0656,217.60881237541298
AA0657,296.9003291893392
AA0658,151.63268924498072
AA0659,123.7397890042203
AA0660,188.52905407404577
AA0661,219.76186057153805
AA0662,112.23823336870981
AA0663,49.06395660625387
AA0664,171.48449207738588
AA0665,117.75214492087454
AA0666,120.25238674689847
AA0667,209.3537323602922
AA0668,180.50116728404117
AA0669,192.05734979135667
AA0671,137.18075692018516
AA0673,87.32930649331466
AA0674,74.62681907553164
AA0675,147.88332831671525
AA0676,212.45701854837176
AA0677,222.54226853282273
AA0678,168.9595853120342
AA0679,163.39492832470887
AA0680,196.2450932610377
AA0681,177.38588098229064
AA0682,129.64156900593144
AA0683,293.9533582303198
AA0684,261.9720925404064
AA0685,199.796572496798
AA0686,151.7209715569269
AA0687,292.2220419338724
AA0688,190.3568505678568
AA0689,129.23992535470546
AA0690,141.98774723243764
AA0691,198.49947086174404
AA0692,119.85548815705427
AA0693,129.02518566461796
AA0694,100.55105114618857
AA0695,128.75413739384734
AA0696,143.98499082923848
AA0697,207.44051929118152
AA0698,197.63882047694037
AA0699,216.03540569033512
AA0700,191.63286596343778
AA0701,154.8850180755088
AA0702,190.27032242785083
AA0703,226.2620794965379
AA0704,208.99197333210876
AA0705,161.1488710728979
AA0706,233.2965080298834
AA0707,167.23134652749178
AA0708,151.93498198838617
AA0709,186.5922044432217
AA0710,125.11461907818024
AA0711,242.3479684439396
AA0712,169.5740572852979
AA0713,163.46157183967068
AA0714,165.98826517262168
AA0715,168.53125509542346
AA0716,159.8224113596825
AA0717,169.61626745467933
AA0718,202.84962100540724
AA0719,141.32590271998203
AA0720,138.72310784051464
AA0721,286.04813733502976
AA0722,131.4662937075655
AA0723,118.61700851133374
AA0724,148.06224014897427
AA0725,146.16665425960463
AA0726,190.08035912865412
AA0727,170.50022659650224
AA0728,145.65529622376752
AA0729,382.8416835390464
AA0730,397.88321878612356
AA0731,130.38083815801534
AA0732,168.74862726013455
AA0733,183.9800169143685
AA0734,160.1153691243928
AA0735,200.94139246513015
AA0736,234.90131118927908
AA0737,198.63172436013454
AA0738,139.2055787886441
AA0739,212.07063794996904
AA0740,184.8720796557163
AA0741,181.64165115467674
AA0742,146.75129123250773
AA0743,126.09428693978585
AA0744,197.1368455924814
AA0745,185.64229778009752
AA0746,150.95984441362467
AA0747,271.3841603713132
AA0748,175.29871255760034
AA0749,220.00949018025597
AA0750,156.57357798638694
AA0751,362.89780373246805
AA0752,412.7150588758965
AA0753,175.0750755631695
AA0755,147.71939662945718
AA0756,140.4657285658253
AA0757,127.20222780049578
AA0758,209.53237544781274
AA0759,146.40277954613813
AA0760,420.40188353093504
AA0761,425.9910705627302
AA0762,339.4016948712256
AA0764,215.76036306475027
AA0765,157.9504246612471
AA0766,213.3098335949564
AA0767,208.9360457009563
AA0768,309.3473020070012
AA0769,214.82107931692028
AA0770,182.44688601630992
AA0771,216.17579301350926
AA0772,225.72868335355793
AA0773,112.33864390733864
AA0774,161.15088275989208
AA0775,225.79870993896733
AA0776,328.09855805006646
AA0777,225.0586501332103
AA0778,269.69045396851317
AA0779,358.2210933060765
AA0780,297.01442934698423
AA0781,171.96768277283067
AA0782,150.71605481039933
AA0783,192.49716616627805
AA0784,140.75072921689957
AA0785,94.27297408559548
AA0786,173.80429650128707
AA0787,241.8195616501279
AA0788,279.3319291681015
AA0789,220.53724279174745
AA0790,165.90382944196665
AA0791,259.8175654581657
AA0792,212.89568723164842
AA0793,160.00338544761354
AA0794,241.8784152758068
AA0795,125.26999411109529
AA0796,241.9452327806399
AA0797,204.8064098112991
AA0798,204.31970286515053
AA0799,215.35954686368896
AA0800,161.81760660088824
AA0801,142.81636270610457
AA0802,169.05614969870052
AA0803,143.53519387446278
AA0804,200.2778708689815
AA0805,128.18874830935002
AA0806,167.41817595566314
AA0807,165.7540110513141
AA0808,213.3999884442507
AA0809,160.85980351125235
AA0810,167.96272834310045
AA0811,280.8576046188714
AA0812,117.66030161584396
AA0813,132.7987900764815
AA0814,284.5805810985254
AA0815,237.89192879410285
AA0816,147.4706094923467
AA0817,88.34639997963284
AA0818,172.85918193483545
AA0819,113.81800651774445
AA0820,143.6789965501385
AA0821,116.24995845038453
AA0822,125.9372023026463
AA0823,141.2593892201982
AA0824,233.20935079310425
AA0825,244.81350120443432
AA0826,103.72584088990135
AA0827,162.30455110834583
AA0828,166.31076751820999
AA0829,154.52924998167043
AA0830,170.5141541928834
AA0831,154.4700013864744
AA0832,189.10642981760077
AA0833,204.0460347477008
AA0834,241.66802746602858
AA0835,153.1379387583352
AA0836,131.84430810253502
AA0837,175.78477472206146
AA0838,179.33939708095605
AA0839,221.69695476245417
AA0840,186.75601051121163
AA0841,156.00692122719093
AA0842,191.23147673169962
AA0843,232.37060439986112
AA0844,167.31813227734
AA0845,225.48832322726844
AA0846,198.43872553065603
AA0847,178.10135803271973
AA0848,212.86979117086932
AA0849,222.24075738117327
AA0850,148.15749668594262
AA0851,200.74108967182946
AA0852,234.29695144648798
AA0853,178.62471093845824
AA0854,216.33726089184043
AA0855,212.35663780269812
AA0856,175.3928606055744
AA0857,138.2138566059228
AA0858,114.94826629363484
AA0859,152.11561301571604
AA0860,148.42431699618976
AA0861,154.65176507925142
AA0862,200.90632251250804
AA0863,202.303898550885
AA0864,225.82600514702207
AA0865,142.865902159908
AA0866,109.89780375143818
AA0867,208.68812691107937
AA0868,202.19728730382084
AA0869,178.66828233964952
AA0870,176.23057789137096
AA0871,139.93992008145906
AA0872,157.1724243237998
AA0873,141.87772523657952
AA0874,165.11273857012242
AA0875,191.41346262505988
AA0876,202.74340666503937
AA0877,147.1672158187268
AA0878,150.95582012952576
AA0879,119.16974563458092
AA0880,152.1834041302379
AA0881,152.08377173219336
AA0882,222.0147907824832
AA0883,219.17939773101966
AA0884,153.1900987357396
AA0885,152.07129320088143
AA0886,209.90524503941506
AA0887,184.60867512610108
AA0888,198.58036051450102
AA0889,158.22926568911492
AA0890,213.42047173736344
AA0891,113.58161232514715
AA0892,134.43547620982076
AA0893,166.00829875152408
AA0894,189.3411201816301
AA0895,158.50080630403906
AA0896,189.36113399398036
AA0897,180.89792545154717
AA0898,242.10761642420127
AA0899,214.159778518502
AA0900,176.6351822240327
AA0901,124.30275876173884
AA0902,173.9658794434128
AA0903,209.7531152528898
AA0904,171.52393166344902
AA0905,175.0649934537638
AA0906,221.14150471839153
AA0907,169.21940777320958
AA0908,190.48123606137983
AA0909,252.96561532368793
AA0910,186.10100923626192
AA0911,198.45214642025664
AA0912,142.26423034557254
AA0913,208.30654963762447
AA0914,166.1284890137376
AA0915,154.09306572858247
AA0916,164.26330644158458
AA0917,372.4192567582741
AA0918,144.4483600208061
AA0919,134.360310168172
AA0920,126.99051844167218
AA0921,128.6324844604549
AA0922,222.6962456286932
AA0923,296.26945842228304
AA0924,318.49751183029554
AA0925,173.6278551583607
AA0926,336.0483442176874
AA0927,338.6541790605396
AA0928,326.71660640696507
AA0929,302.79830643123455
AA0930,131.3622215252819
AA0931,180.23073794763062
AA0932,199.15633193939374
AA0933,116.96645613398995
AA0934,286.94407269824643
AA0935,190.14449851637883
AA0936,202.27214416559448
AA0937,79.85617428428908
AA0938,250.6050319904204
AA0939,145.6082734897867
AA0940,158.87413793384502
AA0941,236.569309226051
AA0942,182.51926275064153
AA0943,294.56467253386955
AA0944,265.5649613245667
AA0945,185.19734330790882
AA0946,537.1313346761825
AA0947,359.59124749823576
AA0948,102.91487887825852
AA0949,218.4143711995818
AA0950,179.7767731407683
AA0951,184.2363161096958
AA0952,79.67774003032389
AA0953,202.0679758247488
AA0954,124.37928640963491
AA0955,132.03311946834708
AA0956,324.3200132450018
AA0957,197.55818147377943
AA0958,142.35513743288737
AA0959,213.27723189281156
AA0960,215.77514428181652
AA0961,97.29053753251551
AA0962,84.72444383134457
AA0963,109.4726388680366
AA0964,135.13569790545804
AA0965,94.9309075594759
AA0966,115.74321919103383
AA0967,102.65115710786351
AA0968,101.70138384285109
AA0969,80.1096677338655
AA0970,103.07149501411575
AA0971,111.92909128874966
AA0972,120.69822899334714
AA0973,109.51750647915671
AA0974,104.77088494456422
AA0975,127.90983150101326
AA0976,113.74892458882643
AA0977,122.51703116667953
AA0978,115.40922181143296
AA0979,109.85072832984976
AA0980,98.91163371288283
AA0981,126.38848906688811
AA0982,107.85731188025798
AA0983,95.42748073731349
AA0984,111.4959803713253
AA0985,99.44340093918926
AA0986,122.74291176305155
AA0987,293.6012050568167
AA0988,120.15712063213064
AA0989,288.70595736747794
AA0990,108.12455747956726
AA0991,92.48780699765483
AA0992,522.9006750783959
AA0993,101.60052635248928
AA0994,241.30469987303948
AA0995,216.59152327690163
AA0996,268.68209901844915
AA0997,215.5741213436307
AA0998,213.45040283942888
AA0999,206.8425157381474
AA1000,168.88963787965807
AA1001,230.9503899715653
AA1002,202.45805463646155
AA1003,145.89393267637888
AA1004,115.54700989555343
AA1005,223.77406439200706
AA1006,205.85937638551792
AA1007,162.2064568983959
AA1008,118.49864952539913
AA1009,79.91815323933169
AA1010,91.99361724433149
AA1011,130.2152714335481
AA1012,83.4096017693292
AA1013,158.46124117835322
AA1014,122.16522236221242
AA1015,120.23996133851126
AA1016,96.65830810171973
AA1017,114.8476141141
AA1018,127.47459330829521
AA1019,129.08313489604583
AA1020,96.77611248699186
AA1021,204.20965766280756
AA1022,72.22481089056227
AA1023,99.03501482352192
AA1024,129.71746370833708
AA1025,103.93325137378285
AA1026,127.04722407113634
AA1027,215.54409359217124
AA1028,168.85426692966885
AA1029,108.02601115583138
AA1030,205.8745398178315
AA1031,131.90238978181588
AA1032,133.8384446474791
AA1033,437.4113558708426
AA1034,117.18653013930242
AA1035,484.1674789042609
AA1036,296.9611628030954
AA1037,376.51733761290166
AA1038,164.47372390920486
AA1039,94.02059218444221
AA1040,198.31586422831393
AA1041,158.2519983240317
AA1042,267.51084660823375
AA1043,277.3428427111507
AA1044,412.5895051633624
AA1045,225.80062235317774
AA1046,196.86733582753715
AA1047,184.94443719418234
AA1048,196.95188152885467
AA1049,270.4020207270994
AA1050,306.2547227016208
AA1051,251.69893680608928
AA1052,138.62204951934183
AA1053,67.18741283862178
AA1054,394.11544975349176
AA1055,93.46845526251334
AA1056,47.32139861300951
AA1057,50.39370471316269
AA1058,223.11523841516703
AA1059,100.23618471958844
AA1060,171.0442779798163
AA1061,167.19163636740547
AA1062,258.8735283025836
AA1063,228.86419774126844
AA1064,154.63858174888094
AA1065,154.90555741284322
AA1066,198.90064224867194
AA1067,306.20782902196567
AA1068,197.0915212398833
AA1069,363.01059078869554
AA1070,148.24593106983295
AA1071,128.0794076228274
AA1072,125.7096675780316
AA1073,183.3264760642468
AA1074,121.17080096106676
AA1075,90.1441477732056
AA1076,85.95280890347426
AA1077,165.53492658345056
AA1078,243.4387944176044
AA1079,161.000287960666
AA1080,77.87763866202425
AA1081,389.1436215152901
AA1082,143.85198986239098
AA1083,204.71043790276016
AA1084,121.59354781245429
AA1085,83.19355868613084
AA1086,129.67463239898242
AA1087,189.20657230620037
AA1088,177.09409744525632
AA1089,308.9346561810077
AA1090,188.34956887448828
AA1091,103.54708764637272
AA1092,176.3521888029437
AA1093,134.67957992994124
AA1149,244.7420202282692
AA1192,266.1284635198361
AA1196,357.86567503413517
AA1223,274.2107701666132
AA1413,344.9577262775162
AA1417,259.399190614819
AA1477,284.65176117344373
AA1490,218.03372787466316
AA1493,232.0204579247669
AA1537,372.1841213194905
AA1538,374.27858922585875
AA1539,349.83306659625083
AA1540,397.7274249755083
AA1541,307.0494105962545
AA1542,319.68542136667014
AA1543,276.34639188765215
AA1544,349.5009392939516
pre_17543_01053,151.2732748549074
pre_17543_01090,142.24381268233577
pre_17543_01139,159.24733752298062
pre_17543_01171,152.0020763719807
pre_17543_01241,145.89541351500077
pre_17543_01274,143.98995075656333
pre_17543_01276,173.35679392082196
pre_17781_00066,115.49944198546369
pre_18047_00009,366.91491148210974
pre_182712_00003,255.5735062648071
pre_182712_00004,255.3035332335526
pre_182712_00027,346.6126231381007
pre_18454_00305,129.40480274622934
pre_18454_00376,142.74596689241528
pre_18454_00377,117.36337238575614
pre_18454_00450,133.50612032988613
pre_18454_00579,102.89797793957635
pre_18454_00865,102.37211518147812
pre_18455_00109,226.42776666393823
pre_18455_00241,97.42066176019497
pre_18458_00150,148.9876648409049
pre_18458_00348,231.61385754974552
pre_18458_00351,274.3652187967925
pre_18458_00354,178.08927207046202
pre_18458_00356,274.29672371422413
pre_18458_00357,178.85004979744747
pre_18458_00360,174.208091398638
pre_18458_00367,184.68988229502025
pre_18458_00369,191.67693211382064
pre_18458_00373,194.6961737114925
pre_18458_00374,205.87952153809266
pre_18464_00077,103.94573476635452
pre_18464_00086,113.16511214496397
pre_18464_00087,122.97861491220537
pre_18464_00099,244.90164457308455
pre_18464_00102,305.4177760868313
pre_18464_00103,184.00206060629534
pre_18464_00138,252.2395027835372
pre_18464_00159,111.58396644646207
pre_18464_00163,130.7987576861412
pre_18464_00168,149.13021492345985
pre_18464_00169,129.2025499359985
pre_18464_00180,140.05929290909367
pre_18464_00182,90.86320795602468
pre_18465_00102,201.7308493327751
pre_18465_00267,215.27934383620612
pre_18465_00268,209.64864481447745
pre_18465_00366,241.04342104891606
pre_18465_00367,243.74743982168178
pre_18465_00368,255.00981568217173
pre_18465_00369,167.99907290373295
pre_18465_00370,164.75109536574675
pre_18465_00371,186.5853786637907
pre_18465_00373,224.3297244817354
pre_18467_00104,131.26396505835103
pre_18467_00342,340.5707863205479
pre_18467_00495,293.0196514865533
pre_18469_00001,298.9351541549661
pre_18469_00002,253.38774736195236
pre_18469_00086,229.51184472738095
pre_18864_00003,169.95308611660317
pre_18864_00008,171.81539997971393
pre_18864_00012,161.48630601241106
pre_18864_00014,168.31722406299758
pre_18864_00016,168.6842687313849
pre_18864_00018,186.83024608321813
pre_18864_00021,138.81126621014562
pre_18864_00025,208.37279869736588
pre_18864_00026,171.5114172790292
pre_18864_00027,152.54935995967975
pre_18864_00036,155.44606767207597
pre_18864_00038,204.3937685759979
pre_18864_00039,166.0035067932238
pre_18864_00042,164.09360525185497
pre_18864_00043,158.36231709234204
pre_18864_00044,171.87878599449664
pre_18864_00046,147.63282093715256
pre_18864_00048,141.57702740463853
pre_18864_00051,197.20078279164676
pre_18864_00059,196.84148661692223
pre_18864_00060,137.8512505665528
pre_18864_00062,164.65482565288556
pre_18864_00065,152.85277000708504
pre_18864_00067,116.42981328567876
pre_18864_00069,213.29298395837918
pre_18864_00073,148.23181242445077
pre_18864_00074,211.94912161910455
pre_18864_00079,130.54792093542872
pre_18864_00081,203.93675807064366
pre_18864_00082,189.7290290534817
pre_18864_00083,134.65338131108132
pre_18864_00084,90.93139445807924
pre_18864_00088,102.1458491593974
pre_18864_00098,105.42045145844554
pre_18864_00108,137.1858150587674
pre_18864_00111,161.12533506648074
pre_18864_00113,140.31202806371246
pre_18864_00114,151.65548551518813
pre_18864_00147,176.497471716205
pre_18864_00153,157.51253116553065
pre_18864_00163,174.26689526513923
pre_18864_00174,189.17488447440144
pre_18864_00180,158.39378491625774
pre_18864_00225,157.11841260058088
pre_18864_00247,202.54517661294872
pre_18864_00286,144.05582466220812
pre_18864_00411,198.04301151251659
pre_18864_00413,186.4298613766179
pre_18864_00414,189.5061245948948
pre_18864_00420,173.97178878931228
pre_18864_00424,144.13105493675437
pre_18864_00426,181.25620971453174
pre_18864_00427,166.95518013557665
pre_18864_00432,196.78754805980242
pre_18864_00442,144.33897982082118
pre_18864_00457,176.08219023932472
pre_18864_00460,136.44696679470124
pre_18866_00139,279.3441538038311
pre_18866_00186,257.40970552842737
pre_18866_00299,259.47527424853934
pre_18866_01458,352.579915039863
pre_18868_00443,312.0317255845877
pre_18868_00465,280.1969129807046
